-- MySQL dump 10.13  Distrib 5.5.48, for Linux (x86_64)
--
-- Host: localhost    Database: vuecms
-- ------------------------------------------------------
-- Server version	5.5.48-log

/*!40101 SET @OLD_CHARACTER_SET_CLIENT=@@CHARACTER_SET_CLIENT */;
/*!40101 SET @OLD_CHARACTER_SET_RESULTS=@@CHARACTER_SET_RESULTS */;
/*!40101 SET @OLD_COLLATION_CONNECTION=@@COLLATION_CONNECTION */;
/*!40101 SET NAMES utf8 */;
/*!40103 SET @OLD_TIME_ZONE=@@TIME_ZONE */;
/*!40103 SET TIME_ZONE='+00:00' */;
/*!40014 SET @OLD_UNIQUE_CHECKS=@@UNIQUE_CHECKS, UNIQUE_CHECKS=0 */;
/*!40014 SET @OLD_FOREIGN_KEY_CHECKS=@@FOREIGN_KEY_CHECKS, FOREIGN_KEY_CHECKS=0 */;
/*!40101 SET @OLD_SQL_MODE=@@SQL_MODE, SQL_MODE='NO_AUTO_VALUE_ON_ZERO' */;
/*!40111 SET @OLD_SQL_NOTES=@@SQL_NOTES, SQL_NOTES=0 */;

--
-- Table structure for table `admins`
--

DROP TABLE IF EXISTS `admins`;
/*!40101 SET @saved_cs_client     = @@character_set_client */;
/*!40101 SET character_set_client = utf8 */;
CREATE TABLE `admins` (
  `id` int(10) unsigned NOT NULL AUTO_INCREMENT,
  `name` varchar(255) COLLATE utf8_unicode_ci NOT NULL,
  `email` varchar(255) COLLATE utf8_unicode_ci NOT NULL,
  `password` varchar(255) COLLATE utf8_unicode_ci NOT NULL,
  `image` varchar(255) COLLATE utf8_unicode_ci NOT NULL,
  `login_token` varchar(255) COLLATE utf8_unicode_ci DEFAULT NULL,
  `is_super` tinyint(1) NOT NULL DEFAULT '0',
  `remember_token` varchar(100) COLLATE utf8_unicode_ci DEFAULT NULL,
  `created_at` timestamp NULL DEFAULT NULL,
  `updated_at` timestamp NULL DEFAULT NULL,
  PRIMARY KEY (`id`),
  UNIQUE KEY `admins_email_unique` (`email`)
) ENGINE=MyISAM AUTO_INCREMENT=15 DEFAULT CHARSET=utf8 COLLATE=utf8_unicode_ci;
/*!40101 SET character_set_client = @saved_cs_client */;

--
-- Dumping data for table `admins`
--

LOCK TABLES `admins` WRITE;
/*!40000 ALTER TABLE `admins` DISABLE KEYS */;
INSERT INTO `admins` VALUES (1,'admin','zanjser@163.com','$2y$10$I3XrqVh4nWznzGiR7SRUKuNyKeeDkoOFPRYUZVpVW2HRnjOTrFfXO','http://lorempixel.com/100/100/?40707','57e211ba5083e',1,NULL,'2016-09-10 17:47:37','2016-09-20 20:51:06'),(2,'yang','yang@yang.com','$2y$10$vhKlDhaKHKsI4eeK8IoUleqkXIf/oJRtXWBhI6o48sa3n09K1PdV6','/uploads/2016091613593757dbfac997696.png','57f87c1591aef',1,NULL,'2016-09-10 17:47:37','2016-10-07 20:54:45'),(13,'zhang','zhang@zhang.com','zhang','',NULL,0,NULL,'2016-09-16 02:55:59','2016-09-16 02:55:59'),(14,'zhang','719940262@qq.com','3k47vx@zhang','',NULL,0,NULL,'2016-10-06 05:19:05','2016-10-06 05:19:05');
/*!40000 ALTER TABLE `admins` ENABLE KEYS */;
UNLOCK TABLES;

--
-- Table structure for table `citys`
--

DROP TABLE IF EXISTS `citys`;
/*!40101 SET @saved_cs_client     = @@character_set_client */;
/*!40101 SET character_set_client = utf8 */;
CREATE TABLE `citys` (
  `id` int(10) unsigned NOT NULL AUTO_INCREMENT,
  `parent_id` int(10) unsigned NOT NULL DEFAULT '1',
  `name` varchar(255) COLLATE utf8_unicode_ci NOT NULL,
  `created_at` timestamp NULL DEFAULT NULL,
  `updated_at` timestamp NULL DEFAULT NULL,
  PRIMARY KEY (`id`)
) ENGINE=MyISAM AUTO_INCREMENT=14 DEFAULT CHARSET=utf8 COLLATE=utf8_unicode_ci;
/*!40101 SET character_set_client = @saved_cs_client */;

--
-- Dumping data for table `citys`
--

LOCK TABLES `citys` WRITE;
/*!40000 ALTER TABLE `citys` DISABLE KEYS */;
INSERT INTO `citys` VALUES (13,0,'无锡','2016-09-15 03:31:22','2016-09-15 03:31:22');
/*!40000 ALTER TABLE `citys` ENABLE KEYS */;
UNLOCK TABLES;

--
-- Table structure for table `comments`
--

DROP TABLE IF EXISTS `comments`;
/*!40101 SET @saved_cs_client     = @@character_set_client */;
/*!40101 SET character_set_client = utf8 */;
CREATE TABLE `comments` (
  `id` int(10) unsigned NOT NULL AUTO_INCREMENT,
  `house_id` int(10) unsigned NOT NULL,
  `content` text COLLATE utf8_unicode_ci NOT NULL,
  `name` varchar(255) COLLATE utf8_unicode_ci NOT NULL,
  `email` varchar(255) COLLATE utf8_unicode_ci NOT NULL,
  `website` varchar(255) COLLATE utf8_unicode_ci NOT NULL,
  `created_at` timestamp NULL DEFAULT NULL,
  `updated_at` timestamp NULL DEFAULT NULL,
  PRIMARY KEY (`id`),
  KEY `comments_house_id_foreign` (`house_id`)
) ENGINE=MyISAM AUTO_INCREMENT=31 DEFAULT CHARSET=utf8 COLLATE=utf8_unicode_ci;
/*!40101 SET character_set_client = @saved_cs_client */;

--
-- Dumping data for table `comments`
--

LOCK TABLES `comments` WRITE;
/*!40000 ALTER TABLE `comments` DISABLE KEYS */;
INSERT INTO `comments` VALUES (1,27,'Dolorem est rerum expedita vitae explicabo. Sequi et libero perferendis.','Dolores Schuster','cprohaska@hotmail.com','http://mann.com/tenetur-fugiat-neque-mollitia-eius-non-asperiores-et-ipsum','2016-09-10 17:47:38','2016-09-10 17:47:38'),(2,12,'Fugit sed ut quis eaque repellat. Dolor omnis culpa fugit vero ipsam rerum. Minima voluptas quod minus dolore.','Lori Hamill','braxton28@senger.com','http://www.treutel.com/','2016-09-10 17:47:38','2016-09-10 17:47:38'),(3,20,'Expedita et iure ut harum occaecati. Voluptas et ipsam sit est laborum exercitationem. Quia optio iusto commodi vero veniam illo reprehenderit.','Dr. Anya Thompson Jr.','hoppe.eliane@hotmail.com','http://www.marks.com/occaecati-nobis-fuga-repellat-voluptatibus','2016-09-10 17:47:38','2016-09-10 17:47:38'),(4,3,'Quod magni eos quo voluptates totam nostrum cum. Qui sit in deleniti. Doloremque minima accusantium consequatur alias porro non.','Cassandre Blick','vickie.schuppe@lockman.info','http://www.witting.net/fuga-eius-sequi-excepturi-commodi-deserunt-ex-praesentium','2016-09-10 17:47:38','2016-09-10 17:47:38'),(5,4,'Soluta magnam numquam aliquid blanditiis eos magni quaerat. Fugiat beatae veniam eius odio. Id repellat perspiciatis laborum quia esse alias magni.','Giovanni Nikolaus Sr.','jeramy.schmitt@hotmail.com','https://www.fay.com/eos-libero-sint-laudantium-sequi-amet-hic','2016-09-10 17:47:38','2016-09-10 17:47:38'),(6,8,'Voluptate quo possimus est omnis. Itaque sint aut beatae voluptatibus ut. Optio id voluptatem nemo qui. Voluptate odio eaque illum id.','Gracie Gaylord I','vivianne13@gmail.com','http://grady.com/et-mollitia-delectus-repellendus-accusamus-maxime-eum-quis-adipisci','2016-09-10 17:47:38','2016-09-10 17:47:38'),(7,23,'Consequuntur et suscipit rerum omnis ut eveniet voluptatem deserunt. Necessitatibus cum cupiditate et deleniti vitae. Ut molestiae at sed accusamus corporis sequi eveniet. Ex ipsa et tempore architecto maxime facere.','Prof. Micaela Pacocha DDS','freddy72@yahoo.com','http://schneider.com/veritatis-nulla-voluptatem-unde-nulla-omnis-blanditiis.html','2016-09-10 17:47:38','2016-09-10 17:47:38'),(8,30,'Iusto quasi hic culpa unde dicta quia fugit adipisci. Eos amet voluptas consequatur. Distinctio voluptatem blanditiis quos suscipit. Corrupti cum non consequatur debitis officiis maiores dicta earum.','Prof. Gaston Swaniawski II','athena18@gmail.com','http://jerde.com/amet-quia-est-sapiente','2016-09-10 17:47:38','2016-09-10 17:47:38'),(9,16,'Sit molestiae voluptates provident iusto vel qui magni. Perspiciatis omnis ullam dolor ut dolorem magni veritatis et. Delectus dolorem sunt reiciendis aut tenetur. Quia hic possimus natus dolorem mollitia.','Lizeth Reichert','maybell13@hotmail.com','http://langosh.com/fugiat-aut-sint-earum-sint-exercitationem.html','2016-09-10 17:47:38','2016-09-10 17:47:38'),(10,21,'Voluptatem quasi nihil autem. Harum repudiandae quo sunt eveniet. Cupiditate debitis quo eveniet voluptatem nostrum.','Cyrus Russel','beahan.kory@heathcote.biz','http://volkman.com/optio-voluptatem-aut-ex-eaque','2016-09-10 17:47:38','2016-09-10 17:47:38'),(11,12,'Recusandae impedit magnam culpa aperiam suscipit sit autem. Consequatur atque est perspiciatis. Est incidunt aut itaque natus ratione.','Reyna Franecki','shany75@reilly.com','http://www.altenwerth.com/','2016-09-10 17:47:38','2016-09-10 17:47:38'),(12,21,'Fuga aliquid tempore et aperiam soluta. Praesentium accusantium autem aliquid qui aut quaerat architecto quis. Minus nesciunt suscipit molestiae. Iusto consequuntur recusandae modi molestiae in.','Mrs. Violette Schaden DDS','leilani06@yahoo.com','http://www.wisozk.org/mollitia-aspernatur-ducimus-itaque-assumenda','2016-09-10 17:47:38','2016-09-10 17:47:38'),(13,8,'Aliquam ut asperiores dolorum sint. Totam expedita ipsum non quia porro qui.','Prof. Marquis Morissette','hermann.stephen@hotmail.com','http://www.zemlak.biz/nihil-est-perspiciatis-explicabo-impedit','2016-09-10 17:47:38','2016-09-10 17:47:38'),(14,11,'Quia impedit consectetur voluptates quis. Sed voluptatem eius sint quisquam sit unde. Tenetur illo eos ipsum hic doloremque. Tempora libero ut incidunt beatae neque sit. Et velit aut voluptatibus quis ut.','Isadore Blick','watsica.claud@yahoo.com','https://stark.com/animi-nisi-velit-ut-quam-dolor.html','2016-09-10 17:47:38','2016-09-10 17:47:38'),(15,18,'Odit et iusto ut soluta. Et rem corporis eum nesciunt iusto suscipit eius. Eum eligendi et possimus suscipit dolorem mollitia.','Ms. Jacinthe Erdman','wcruickshank@hansen.com','http://www.dach.info/illum-autem-sit-eveniet-sed-cupiditate-vitae-non','2016-09-10 17:47:38','2016-09-10 17:47:38'),(16,7,'Id non ut odit consectetur molestiae ut nobis eius. Officiis ea soluta fugiat velit officia dolor animi. Id voluptatibus et amet ullam ut laborum voluptas. Dolorem placeat et libero aut et repellendus.','Carolyne Hammes','agustina.auer@strosin.com','http://rau.org/','2016-09-10 17:47:38','2016-09-10 17:47:38'),(17,10,'Voluptates veniam doloremque autem ut culpa quibusdam. Illum quaerat odio sint reprehenderit accusantium sit exercitationem. Eos excepturi est maxime provident et incidunt consequuntur suscipit.','Prof. Tito Legros','janice92@yahoo.com','http://kunde.com/autem-velit-quod-voluptas-mollitia-reiciendis-aliquid','2016-09-10 17:47:38','2016-09-10 17:47:38'),(18,28,'Rerum nisi qui odit et. Adipisci ea ipsum et ipsam quia quaerat. Veniam autem et et sint porro quas.','Laura Williamson','carlie.rutherford@hotmail.com','http://treutel.biz/ducimus-et-sit-accusantium-non-et-quae-aliquid.html','2016-09-10 17:47:38','2016-09-10 17:47:38'),(19,7,'Quod ratione corrupti cum voluptas in. Facere consectetur nihil ipsam ea sint fugit delectus. Atque enim officia quae aspernatur tempora voluptatem.','Blake Ziemann','tmann@shields.net','http://goyette.com/nobis-in-vitae-et-enim-est.html','2016-09-10 17:47:38','2016-09-10 17:47:38'),(20,6,'Non quia voluptatem fuga molestiae non consequatur dolore. Sint omnis nostrum sit perspiciatis illo accusantium. Beatae est earum quia id est labore. Qui officiis ad aspernatur.','Miss Lenore Carroll DVM','bobbie.schuppe@yahoo.com','http://www.greenholt.net/qui-enim-natus-et-corrupti-facere-et-non','2016-09-10 17:47:38','2016-09-10 17:47:38'),(21,19,'Tempore et voluptas id. Ut fugiat minus quo voluptatem temporibus quia natus. Nihil voluptas neque consectetur aliquam mollitia. Ut repellat consequuntur aspernatur voluptatem.','Beulah Welch','hoppe.woodrow@hotmail.com','http://zulauf.com/quia-ratione-fuga-iure-consequatur.html','2016-09-10 17:47:38','2016-09-10 17:47:38'),(22,11,'Magnam dignissimos voluptatem autem alias commodi necessitatibus. Facere similique sed ipsa harum placeat cumque. Commodi tenetur eos quae architecto.','Mrs. Aubrey Considine','merritt30@hotmail.com','http://www.schmeler.info/','2016-09-10 17:47:38','2016-09-10 17:47:38'),(23,24,'Omnis et fuga rem soluta omnis non sapiente sint. Eveniet rerum ipsam sunt facere voluptatem rem voluptatem. Accusantium at blanditiis ea velit. Modi minus quaerat laudantium dolorum amet eos est accusamus.','Ms. Valerie Robel II','mosciski.garrick@schimmel.info','http://www.adams.com/impedit-delectus-non-et-voluptatum-consequatur.html','2016-09-10 17:47:38','2016-09-10 17:47:38'),(24,26,'Doloremque magni et voluptatem voluptatum natus assumenda. Ut est eum fugit et sint omnis rerum. Voluptas nobis consequatur placeat perspiciatis quia ea atque. Ut aut quia consequatur laborum iusto.','Andreanne Grady Jr.','cade.rempel@gmail.com','http://www.balistreri.com/et-praesentium-ab-reiciendis-fugiat-quo','2016-09-10 17:47:38','2016-09-10 17:47:38'),(25,26,'Excepturi molestias minima quam ipsam quae tempora sit. Velit modi natus itaque quasi ullam aut. Error repudiandae qui voluptatibus aut. Voluptas totam ipsum et earum minima soluta fuga.','Destin Hoppe I','rrippin@gleason.net','http://www.mclaughlin.com/impedit-temporibus-velit-impedit-fugiat-rerum-distinctio.html','2016-09-10 17:47:38','2016-09-10 17:47:38'),(26,29,'Blanditiis soluta aut fugit in itaque dolorum. Earum nemo nobis velit voluptatem et. Dicta magnam veniam officiis ut molestiae illum sit.','Deondre Carter','laurel.fritsch@gmail.com','http://schamberger.com/expedita-nobis-tenetur-quaerat-rerum-et-ut','2016-09-10 17:47:38','2016-09-10 17:47:38'),(27,29,'Nostrum voluptatum dolorem qui maxime explicabo. Tempore vel est quod eaque voluptates ducimus vel. Omnis blanditiis perferendis officiis explicabo velit molestiae.','Helga Muller','icassin@hotmail.com','http://dooley.biz/aut-sed-sapiente-consequatur-deleniti','2016-09-10 17:47:38','2016-09-10 17:47:38'),(28,1,'Molestiae et fuga provident sit. Culpa neque dolore doloribus voluptas voluptatem. Quia ut a maxime ab velit enim cum vitae.','Lenny Collins','casper.jessica@hotmail.com','http://littel.com/perferendis-quisquam-aut-soluta-aut.html','2016-09-10 17:47:38','2016-09-10 17:47:38'),(29,9,'Esse praesentium reiciendis facilis esse alias. Fugiat nesciunt et dolor tenetur consequatur. Similique sed sit culpa sed consequatur minus.','Tania Breitenberg','dgislason@gmail.com','http://www.weimann.com/','2016-09-10 17:47:38','2016-09-10 17:47:38'),(30,3,'Ducimus ipsa maxime facilis eum ut ducimus aliquam. Facere voluptatum nesciunt laborum placeat nesciunt adipisci et. Aperiam autem ipsa nesciunt qui et totam nesciunt. Quam quod sapiente provident sint nostrum expedita quam ut.','Prof. Justus Bailey DVM','eschultz@yahoo.com','http://ruecker.net/reprehenderit-consequatur-minus-nostrum-veniam-corrupti-dolorem','2016-09-10 17:47:38','2016-09-10 17:47:38');
/*!40000 ALTER TABLE `comments` ENABLE KEYS */;
UNLOCK TABLES;

--
-- Table structure for table `house_images`
--

DROP TABLE IF EXISTS `house_images`;
/*!40101 SET @saved_cs_client     = @@character_set_client */;
/*!40101 SET character_set_client = utf8 */;
CREATE TABLE `house_images` (
  `id` int(10) unsigned NOT NULL AUTO_INCREMENT,
  `house_id` int(10) unsigned NOT NULL,
  `url` varchar(255) COLLATE utf8_unicode_ci NOT NULL,
  `created_at` timestamp NULL DEFAULT NULL,
  `updated_at` timestamp NULL DEFAULT NULL,
  PRIMARY KEY (`id`),
  KEY `house_images_house_id_foreign` (`house_id`)
) ENGINE=MyISAM AUTO_INCREMENT=21 DEFAULT CHARSET=utf8 COLLATE=utf8_unicode_ci;
/*!40101 SET character_set_client = @saved_cs_client */;

--
-- Dumping data for table `house_images`
--

LOCK TABLES `house_images` WRITE;
/*!40000 ALTER TABLE `house_images` DISABLE KEYS */;
INSERT INTO `house_images` VALUES (1,20,'http://lorempixel.com/640/480/?70403','2016-09-10 17:47:38','2016-09-10 17:47:38'),(2,29,'http://lorempixel.com/640/480/?35388','2016-09-10 17:47:38','2016-09-10 17:47:38'),(3,3,'http://lorempixel.com/640/480/?72607','2016-09-10 17:47:38','2016-09-10 17:47:38'),(4,28,'http://lorempixel.com/640/480/?52888','2016-09-10 17:47:38','2016-09-10 17:47:38'),(5,9,'http://lorempixel.com/640/480/?27054','2016-09-10 17:47:38','2016-09-10 17:47:38'),(6,3,'http://lorempixel.com/640/480/?67252','2016-09-10 17:47:38','2016-09-10 17:47:38'),(7,25,'http://lorempixel.com/640/480/?41086','2016-09-10 17:47:38','2016-09-10 17:47:38'),(8,21,'http://lorempixel.com/640/480/?19178','2016-09-10 17:47:38','2016-09-10 17:47:38'),(9,5,'http://lorempixel.com/640/480/?76134','2016-09-10 17:47:38','2016-09-10 17:47:38'),(10,24,'http://lorempixel.com/640/480/?89402','2016-09-10 17:47:38','2016-09-10 17:47:38'),(11,29,'http://lorempixel.com/640/480/?39207','2016-09-10 17:47:38','2016-09-10 17:47:38'),(12,3,'http://lorempixel.com/640/480/?53932','2016-09-10 17:47:38','2016-09-10 17:47:38'),(13,19,'http://lorempixel.com/640/480/?34967','2016-09-10 17:47:38','2016-09-10 17:47:38'),(14,30,'http://lorempixel.com/640/480/?70699','2016-09-10 17:47:38','2016-09-10 17:47:38'),(15,27,'http://lorempixel.com/640/480/?14050','2016-09-10 17:47:38','2016-09-10 17:47:38'),(16,10,'http://lorempixel.com/640/480/?30349','2016-09-10 17:47:38','2016-09-10 17:47:38'),(17,15,'http://lorempixel.com/640/480/?64371','2016-09-10 17:47:38','2016-09-10 17:47:38'),(18,5,'http://lorempixel.com/640/480/?66571','2016-09-10 17:47:38','2016-09-10 17:47:38'),(19,2,'http://lorempixel.com/640/480/?99883','2016-09-10 17:47:38','2016-09-10 17:47:38'),(20,4,'http://lorempixel.com/640/480/?96104','2016-09-10 17:47:38','2016-09-10 17:47:38');
/*!40000 ALTER TABLE `house_images` ENABLE KEYS */;
UNLOCK TABLES;

--
-- Table structure for table `house_tag`
--

DROP TABLE IF EXISTS `house_tag`;
/*!40101 SET @saved_cs_client     = @@character_set_client */;
/*!40101 SET character_set_client = utf8 */;
CREATE TABLE `house_tag` (
  `id` int(10) unsigned NOT NULL AUTO_INCREMENT,
  `house_id` int(10) unsigned NOT NULL,
  `tag_id` int(10) unsigned NOT NULL,
  `created_at` timestamp NULL DEFAULT NULL,
  `updated_at` timestamp NULL DEFAULT NULL,
  PRIMARY KEY (`id`),
  KEY `house_tag_house_id_index` (`house_id`),
  KEY `house_tag_tag_id_index` (`tag_id`)
) ENGINE=MyISAM AUTO_INCREMENT=91 DEFAULT CHARSET=utf8 COLLATE=utf8_unicode_ci;
/*!40101 SET character_set_client = @saved_cs_client */;

--
-- Dumping data for table `house_tag`
--

LOCK TABLES `house_tag` WRITE;
/*!40000 ALTER TABLE `house_tag` DISABLE KEYS */;
INSERT INTO `house_tag` VALUES (1,1,12,NULL,NULL),(2,1,7,NULL,NULL),(3,1,15,NULL,NULL),(4,2,2,NULL,NULL),(5,2,4,NULL,NULL),(6,2,14,NULL,NULL),(7,3,5,NULL,NULL),(8,3,6,NULL,NULL),(9,3,4,NULL,NULL),(10,4,3,NULL,NULL),(11,4,16,NULL,NULL),(12,4,11,NULL,NULL),(13,5,15,NULL,NULL),(14,5,16,NULL,NULL),(15,5,14,NULL,NULL),(16,6,15,NULL,NULL),(17,6,1,NULL,NULL),(18,6,11,NULL,NULL),(19,7,20,NULL,NULL),(20,7,7,NULL,NULL),(21,7,5,NULL,NULL),(22,8,14,NULL,NULL),(23,8,19,NULL,NULL),(24,8,16,NULL,NULL),(25,9,17,NULL,NULL),(26,9,18,NULL,NULL),(27,9,15,NULL,NULL),(28,10,12,NULL,NULL),(29,10,17,NULL,NULL),(30,10,16,NULL,NULL),(31,11,19,NULL,NULL),(32,11,8,NULL,NULL),(33,11,1,NULL,NULL),(34,12,13,NULL,NULL),(35,12,1,NULL,NULL),(36,12,5,NULL,NULL),(37,13,11,NULL,NULL),(38,13,15,NULL,NULL),(39,13,5,NULL,NULL),(40,14,19,NULL,NULL),(41,14,1,NULL,NULL),(42,14,13,NULL,NULL),(43,15,11,NULL,NULL),(44,15,16,NULL,NULL),(45,15,3,NULL,NULL),(46,16,7,NULL,NULL),(47,16,12,NULL,NULL),(48,16,14,NULL,NULL),(49,17,5,NULL,NULL),(50,17,14,NULL,NULL),(51,17,15,NULL,NULL),(52,18,16,NULL,NULL),(53,18,15,NULL,NULL),(54,18,5,NULL,NULL),(55,19,16,NULL,NULL),(56,19,2,NULL,NULL),(57,19,10,NULL,NULL),(58,20,2,NULL,NULL),(59,20,19,NULL,NULL),(60,20,1,NULL,NULL),(61,21,6,NULL,NULL),(62,21,11,NULL,NULL),(63,21,7,NULL,NULL),(64,22,5,NULL,NULL),(65,22,2,NULL,NULL),(66,22,20,NULL,NULL),(67,23,4,NULL,NULL),(68,23,18,NULL,NULL),(69,23,15,NULL,NULL),(70,24,3,NULL,NULL),(71,24,17,NULL,NULL),(72,24,15,NULL,NULL),(73,25,17,NULL,NULL),(74,25,12,NULL,NULL),(75,25,15,NULL,NULL),(76,26,17,NULL,NULL),(77,26,10,NULL,NULL),(78,26,15,NULL,NULL),(79,27,8,NULL,NULL),(80,27,14,NULL,NULL),(81,27,19,NULL,NULL),(82,28,19,NULL,NULL),(83,28,4,NULL,NULL),(84,28,1,NULL,NULL),(85,29,15,NULL,NULL),(86,29,3,NULL,NULL),(87,29,8,NULL,NULL),(88,30,9,NULL,NULL),(89,30,5,NULL,NULL),(90,30,20,NULL,NULL);
/*!40000 ALTER TABLE `house_tag` ENABLE KEYS */;
UNLOCK TABLES;

--
-- Table structure for table `houses`
--

DROP TABLE IF EXISTS `houses`;
/*!40101 SET @saved_cs_client     = @@character_set_client */;
/*!40101 SET character_set_client = utf8 */;
CREATE TABLE `houses` (
  `id` int(10) unsigned NOT NULL AUTO_INCREMENT,
  `city_id` int(10) unsigned NOT NULL,
  `title` varchar(255) COLLATE utf8_unicode_ci NOT NULL,
  `description` text COLLATE utf8_unicode_ci NOT NULL,
  `geohash` varchar(255) COLLATE utf8_unicode_ci NOT NULL,
  `status_id` int(11) NOT NULL,
  `latitude` varchar(255) COLLATE utf8_unicode_ci NOT NULL,
  `longitude` varchar(255) COLLATE utf8_unicode_ci NOT NULL,
  `address` varchar(255) COLLATE utf8_unicode_ci NOT NULL,
  `content` longtext COLLATE utf8_unicode_ci NOT NULL,
  `image` varchar(255) COLLATE utf8_unicode_ci DEFAULT NULL,
  `visible` tinyint(1) NOT NULL DEFAULT '1',
  `allow_comment` tinyint(1) NOT NULL DEFAULT '1',
  `created_at` timestamp NULL DEFAULT NULL,
  `updated_at` timestamp NULL DEFAULT NULL,
  PRIMARY KEY (`id`),
  KEY `houses_city_id_foreign` (`city_id`)
) ENGINE=MyISAM AUTO_INCREMENT=317 DEFAULT CHARSET=utf8 COLLATE=utf8_unicode_ci;
/*!40101 SET character_set_client = @saved_cs_client */;

--
-- Dumping data for table `houses`
--

LOCK TABLES `houses` WRITE;
/*!40000 ALTER TABLE `houses` DISABLE KEYS */;
INSERT INTO `houses` VALUES (35,13,'晨旭果蔬','张林 15358998567','wttec8wh7ugh',3,'31.600182','120.308698','无锡北塘区锡沪西路世茂广场171号','',NULL,1,1,'2016-09-16 02:16:08','2016-09-16 06:30:50'),(34,13,'益健农产品直供店','赵东平 15251425836','wtte7rwy3hwz',3,'31.551086','120.386519','无锡高新区瑞城花园33-29','',NULL,1,1,'2016-09-16 02:13:54','2016-09-16 05:35:01'),(36,13,'佳福乐超市','阴伟 15861451660','wtteehcs72p5',3,'31.579557','120.36842','无锡高新区友谊南路102-4','',NULL,1,1,'2016-09-16 02:16:59','2016-09-16 04:21:44'),(37,13,'颐德蔬果','童元鑫 13757537683','wttecpmq9bjn',3,'31.637622','120.285612','无锡惠山区阳光一百国际新城503-1','',NULL,1,1,'2016-09-16 02:19:33','2016-09-16 06:30:20'),(39,13,'放心肉蔬菜店','蔡继超18851515776','wttecx5jqu9h',3,'31.636058','120.304704','无锡北塘区凤翔北路凤翔馨城1-41','',NULL,1,1,'2016-09-16 02:38:58','2016-09-16 05:29:52'),(40,13,'惠易隆','阴存辉 15859870338','wttedu4fd25u',3,'31.575137','120.359103','无锡锡山区恒大绿洲 绿景雅苑17-11','',NULL,1,1,'2016-09-16 02:40:17','2016-09-16 05:40:27'),(41,13,'佳佳乐蔬果店','邱伟13584184829','wtted7fq9b8u',3,'31.574453','120.336418','无锡高新区兴竹家园24号','',NULL,1,1,'2016-09-16 02:43:36','2016-09-16 06:31:00'),(42,13,'江荔爱家超市','李永清18601508769','wtte1pqffmpv',4,'31.505169','120.287697','无锡滨湖区太湖街道魅力万科城一期81-1号','',NULL,1,1,'2016-09-16 02:45:59','2016-09-18 05:58:50'),(43,13,'老洪蔬菜店','老洪15261582609','wttecqxcr33d',3,'31.632607','120.300263','无锡北塘区天河小区林新路','',NULL,1,1,'2016-09-16 02:47:37','2016-09-16 05:33:35'),(44,13,'利民蔬菜店','陈15895339467','wttec6jhmwvz',3,'31.608433','120.296417','无锡北塘区民丰家园一区51-18','',NULL,1,1,'2016-09-16 02:48:45','2016-09-16 05:33:51'),(45,13,'洛城蔬菜水果超市','时维宽18761526058','wtt7zwpprq3p',3,'31.630918','120.222328','无锡惠山区洛城大道176-1','',NULL,1,1,'2016-09-16 02:49:49','2016-09-16 05:34:04'),(46,13,'绿色蔬菜园','唐建明13182082108','wtte3xmf6scs',3,'31.549027','120.308299','无锡滨湖区白玉兰路九龙仓时代上城B区47号','',NULL,1,1,'2016-09-16 02:51:43','2016-09-16 05:37:39'),(47,13,'平价生鲜蔬果（龙湖店）','王18251160503','wtte54egzd5v',3,'31.479232','120.371688','无锡滨湖区龙湖具区路城市之间平价生鲜蔬果','',NULL,1,1,'2016-09-16 02:53:11','2016-09-16 08:57:55'),(48,13,'平价生鲜蔬果（万科二期）',' 胡 18362706449 ','wtte1ptb64w3',3,'31.506099','120.286311','无锡滨湖区万科城市花园二期232-1','',NULL,1,1,'2016-09-16 02:55:05','2016-09-16 05:19:03'),(49,13,'蔬果香超市','文闯 15061822354','wtts1wyg65y2',5,'31.678282','120.309657','无锡惠山区堰桥欣惠路268号','',NULL,1,1,'2016-09-16 04:17:01','2016-10-05 07:50:35'),(50,13,'兴隆水果蔬菜店','叶 15152240381','wttebf9f1cyk',5,'31.610766','120.269821','无锡北塘区双河李巷63号','',NULL,1,1,'2016-09-16 04:21:49','2016-09-19 04:06:22'),(51,13,'红星小菜场','周大鹏 13585605307','wttebfknfzc6',3,'31.61024','120.272947','无锡北塘区双河一村朱巷','',NULL,1,1,'2016-09-16 04:22:17','2016-09-20 01:16:49'),(52,13,'生鲜蔬菜(梨花家园)','陈 13921288797','wttec8ghv85n',3,'31.601616','120.304653','无锡北塘区梨花家园50-22','',NULL,1,1,'2016-09-16 04:22:42','2016-09-16 06:43:30'),(53,13,'双河小菜场','杨振华 18751589706','wtteberxq3rp',3,'31.615785','120.266925','无锡北塘区双泾路双河新村双河小菜场','',NULL,1,1,'2016-09-16 04:22:48','2016-09-21 03:08:34'),(54,13,'鲜一步蔬菜店','崔 13914112110  28号送冰箱','wtteb9yjpr9u',3,'31.607192','120.264901','无锡北塘区新华村邹巷65号','',NULL,1,1,'2016-09-16 04:23:41','2016-10-05 07:36:32'),(55,13,'诚信果蔬(瑞城花园)','贾传龙 18769265567   卖不掉','wtte7xbumy3h',5,'31.552125','120.389462','无锡高新区瑞城花园28-14','',NULL,1,1,'2016-09-16 04:23:46','2016-10-05 08:03:53'),(56,13,'山明家家购鲜肉蔬菜大米平价店','吴 13382233519','wtte2ykwm4ru',5,'31.544207','120.273739','无锡滨湖区蠡湖街道山明四村7-2号','',NULL,1,1,'2016-09-16 04:24:05','2016-09-18 01:12:00'),(57,13,'山东蔬菜水果店','店铺环境差，不合适！','wtte9cmb006k',5,'31.559603','120.319179','无锡南长区清名一村界泾桥路','',NULL,1,1,'2016-09-16 04:24:27','2016-09-18 01:31:53'),(58,13,'蔬菜鲜肉水产便民超市','季洪亚 13585074638','wttec3bq4tyd',3,'31.607354','120.289766','无锡惠山区凤翔路绿洲花园81号','',NULL,1,1,'2016-09-16 04:24:31','2016-09-16 05:44:43'),(59,13,'北京联华','单乙腾 18261906858','wtt7mxg5rwx0',3,'31.551954','120.128963','无锡滨湖区胡埭镇人民西路北京联华超市','',NULL,1,1,'2016-09-16 04:27:01','2016-09-16 06:32:32'),(60,13,' 好邻居蔬果超市','冯莉 13093138108','wtteddbb62ud',3,'31.567888','120.345371','无锡高新区叙康路25-6','',NULL,1,1,'2016-09-16 04:27:45','2016-09-16 06:32:42'),(61,13,'新大陆生活购物中心','11111111','wtte3y5q923k',5,'31.542866','120.315798','无锡南长区卢庄路30号','',NULL,1,1,'2016-09-16 04:27:53','2016-09-18 03:59:17'),(63,13,'蔬菜平价店','薛 13506173032\n','wttedmzbxe8z',3,'31.584426','120.344218','无锡崇安区尤渡苑60-77','',NULL,1,1,'2016-09-16 04:29:10','2016-09-16 05:41:17'),(64,13,'众然蔬果','江 15312216269','wtte3y5q923k',4,'31.542866','120.315798','无锡南长区悦城花园东门北侧','',NULL,1,1,'2016-09-16 04:29:20','2016-09-18 04:07:29'),(65,13,' 五河社区平价蔬菜商店','孟 15852722039','wttec4q6jggx',3,'31.609404','120.287155','无锡北塘区五河新村便民服务中心','',NULL,1,1,'2016-09-16 04:29:44','2016-09-16 06:33:07'),(66,13,'水果蔬菜古运河店','周 15716188400','wtte6my34u2s',3,'31.54057','120.341954','无锡南长区红星路古运五爱苑C区54-14','',NULL,1,1,'2016-09-16 04:30:09','2016-09-22 21:23:44'),(170,13,'速客士','王 13961869054     店铺太小','wttebdjuswfp',8,'31.608476','120.26444','无锡市北塘区惠龙新村','',NULL,1,1,'2016-09-17 05:02:01','2016-10-05 07:42:44'),(68,13,'舒新菜园','1111','wtte6q59kwc0',6,'31.541999','120.338253','无锡南长区新光路通扬南路交叉口','',NULL,1,1,'2016-09-16 04:30:31','2016-09-18 01:24:46'),(71,13,'吴家蔬菜店','11111','wtteb8hr2ywm',5,'31.59796','120.262225','无锡北塘区石门路惠钱路交叉口','',NULL,1,1,'2016-09-16 04:31:16','2016-09-17 05:09:16'),(70,13,'蔬菜水果金泰国际店','店铺环境差，购买能力低','wtte6cgyb241',5,'31.519561','120.360388','无锡高新区金泰国际装饰城','',NULL,1,1,'2016-09-16 04:30:51','2016-09-18 01:23:48'),(72,13,'粮油净水超市','11111','wttedesjqqef',1,'31.572897','120.350005','无锡高新区景南苑','',NULL,1,1,'2016-09-16 04:31:33','2016-09-20 04:20:35'),(73,13,'无锡锦珠食品配送中心（天鹏海鲜城）','陈洪桂 13338787280','wttef5mhfcvh',4,'31.615358','120.329257','无锡北塘区天鹏海鲜城c区6号','',NULL,1,1,'2016-09-16 04:31:43','2016-09-16 06:33:20'),(74,13,'叙康里生鲜部','111','wttedesjqqef',1,'31.572897','120.350005','无锡高新区景南苑','',NULL,1,1,'2016-09-16 04:31:59','2016-09-20 04:20:46'),(75,13,'景顺得海鲜行（洛社菜场）','陈 13812095230','wttkp12u49tm',4,'31.648187','120.191574','无锡惠山区洛社镇菜场','',NULL,1,1,'2016-09-16 04:32:20','2016-09-16 06:30:04'),(76,13,'旺顺熟食','111','wttedesjqqef',1,'31.572897','120.350005','无锡滨湖区景南苑','',NULL,1,1,'2016-09-16 04:32:27','2016-09-20 04:20:58'),(77,13,'诚信蔬果超市（广益家苑二期西门）','单乙腾 18261906858','wttef3rz40bp',3,'31.604753','120.343981','无锡崇安区广益佳苑二期西门广南路644号','',NULL,1,1,'2016-09-16 04:32:55','2016-09-16 06:17:55'),(78,13,'惠民菜场','1111','wttedesjqqef',1,'31.572897','120.350005','无锡高新区景南苑','',NULL,1,1,'2016-09-16 04:32:56','2016-09-20 04:21:41'),(79,13,'旺三角蔬果超市','顾 15949230075','wtted8w1u3qm',3,'31.555789','120.352669','无锡高新区前进路前卫路交叉口','',NULL,1,1,'2016-09-16 04:33:17','2016-09-21 03:07:28'),(80,13,'鲜蔬粮油超市（高浪嘉园东门）','唐学文 18951579878','wtte74e5sgn0',3,'31.523139','120.370543','无锡高新区高浪嘉园东门80-6号','',NULL,1,1,'2016-09-16 04:33:26','2016-09-16 06:00:19'),(81,13,'水产蔬菜放心肉','111','wtted8w1u3qm',1,'31.555789','120.352669','无锡高新区前卫路前进路交叉口附近','',NULL,1,1,'2016-09-16 04:33:34','2016-09-20 04:21:56'),(82,13,' 高兴蔬果超市（万科步行街）','高老板 18961724518','wtte1pqffmpv',4,'31.505169','120.287697','无锡滨湖区魅力万科城一区80—12','',NULL,1,1,'2016-09-16 04:33:59','2016-09-16 06:01:34'),(83,13,'S7生鲜超市','1111','wtts3b7jgcfj',5,'31.686941','120.315563','无锡新吴区春城花园b区17-7','',NULL,1,1,'2016-09-16 04:34:51','2016-10-07 05:45:03'),(181,13,'新华村邹巷202','刘13616183683','wtteb9ys778m',1,'31.607042','120.265414','无锡北塘区新华村邹巷202号','',NULL,1,1,'2016-09-19 04:09:32','2016-09-19 04:09:32'),(85,13,'好又多超市生鲜部','陈 15152263163','wtted98phpsw',3,'31.562217','120.344416','无锡滨湖区前进路6号前进花园大门口旁','',NULL,1,1,'2016-09-16 04:35:27','2016-10-06 02:10:45'),(86,13,'天正田园蔬菜','距离太近','wtted98phpsw',8,'31.562217','120.344416','无锡滨湖区前进路6号前进花园大门口','',NULL,1,1,'2016-09-16 04:35:47','2016-09-20 04:56:30'),(88,13,'放心肉专卖店','距离太近','wtted98phpsw',8,'31.562217','120.344416','无锡滨湖区前进路6号','',NULL,1,1,'2016-09-16 04:36:26','2016-09-20 04:56:45'),(89,13,'绿园生鲜超市','赵 13771575571  撤冰箱','wtted87v4b4n',5,'31.554967','120.349509','无锡滨湖区前进花园前进路大门口','',NULL,1,1,'2016-09-16 04:36:47','2016-10-05 08:03:32'),(90,13,'苏食肉品专卖店','叶雨矾 微信ye2235009749','wtteu9cc9bsq',4,'31.606554','120.434613','无锡滨湖区叙康家园大门口好邻居对面','',NULL,1,1,'2016-09-16 04:37:04','2016-09-18 03:53:47'),(91,13,'五星蔬菜店','南长区\n五星家园金城路东南闸道','wtte6n3bwy3p',1,'31.543242','120.32496','无锡南长区五星家园金城路东南闸道','',NULL,1,1,'2016-09-16 04:37:19','2016-09-20 04:22:36'),(92,13,'上海华联超市五星家园店','王 13771100954 需要三证检测报告 第一批货压着','wtte3y5q923k',7,'31.542866','120.315798','无锡南长区五星家园北门116-1','',NULL,1,1,'2016-09-16 04:37:36','2016-09-19 04:19:35'),(93,13,'果蔬之家','场景不符合！','wtte3shgmddv',5,'31.531334','120.307056','无锡南长区新联家园','',NULL,1,1,'2016-09-16 04:37:52','2016-09-18 03:46:54'),(94,13,'优之联蔬果','周 15161545560','wtte31xrhhbq',3,'31.518257','120.288449','无锡滨湖区万象城102号','',NULL,1,1,'2016-09-16 04:39:00','2016-09-21 03:07:46'),(95,13,'平价蔬菜便利店','滨湖区\n卢庄六区内','wtte026615mz',1,'31.466579','120.248502','无锡滨湖区卢庄六区','',NULL,1,1,'2016-09-16 04:39:25','2016-09-20 04:22:46'),(96,13,'蔬菜超市1','滨湖区\n卢庄六区内','wtte026615mz',1,'31.466579','120.248502','无锡滨湖区卢庄六区','',NULL,1,1,'2016-09-16 04:39:50','2016-09-20 04:22:55'),(316,13,'好新鲜蔬菜店','薛 13395182031','wtte1m8syw13',3,'31.495904','120.290274','无锡市滨湖区观山路天鹅湖花园A区100号','',NULL,1,1,'2016-10-06 02:10:23','2016-10-06 02:10:23'),(98,13,'江阴农场蔬菜直销点','孙 13205221819','wtte1x8w7tgu',1,'31.507147','120.301135','无锡滨湖区周新苑','',NULL,1,1,'2016-09-16 04:40:39','2016-09-18 01:16:43'),(99,13,'益健农产品直供店周新花苑店','江 15961791864 ','wtte1xggct7x',3,'31.508089','120.305512','无锡滨湖区周新苑386-5','',NULL,1,1,'2016-09-16 04:41:08','2016-09-22 21:24:46'),(100,13,'金菜篮平价农产品购物中心','锡山区\n东亭春江花园大门口','wttedv9whznk',5,'31.584015','120.357497','无锡锡山区东亭春江花园255-23号','',NULL,1,1,'2016-09-16 04:41:43','2016-09-20 22:53:59'),(101,13,'蔬菜牛奶新鲜肉','常 18762681600\n','wtte9buvxhn0',3,'31.55782','120.318111','无锡滨湖区杨名路通扬路交叉口西100米','',NULL,1,1,'2016-09-16 04:42:11','2016-09-25 06:15:05'),(102,13,'学斌蔬菜店（民丰西苑88号）','石 13861827498','wttec46cbtmw',4,'31.609369','120.282126','无锡北塘区民丰西苑88号','',NULL,1,1,'2016-09-16 04:42:39','2016-09-16 05:26:01'),(103,13,'鲜肉蔬','金 13771015958','wtte92w4g2qg',7,'31.555955','120.297695','无锡滨湖区建筑东路57_59阳光城市购物','',NULL,1,1,'2016-09-16 04:42:47','2016-09-17 04:50:52'),(104,13,'弘润蔬果超市','丁永贤 13814296200','wtte92e98r5j',3,'31.555777','120.294128','无锡滨湖区阳光城市花园','',NULL,1,1,'2016-09-16 04:43:07','2016-09-21 03:06:40'),(105,13,'新鲜吧蔬果','滨湖区\n隐秀苑','wtte88mn89v8',5,'31.555233','120.263243','无锡滨湖区隐秀苑','',NULL,1,1,'2016-09-16 04:43:43','2016-09-19 04:12:15'),(106,13,'便民自选店','张 15190230436','wtte945750vp',3,'31.564241','120.282919','无锡滨湖区孙蒋新村132号旁孙蒋路','',NULL,1,1,'2016-09-16 04:44:02','2016-09-21 03:07:09'),(107,13,'老王水产蔬菜店','薛 18921391293','wtte945750vp',1,'31.564241','120.282919','无锡滨湖区 孙蒋新村132号旁','',NULL,1,1,'2016-09-16 04:44:20','2016-09-17 04:57:44'),(108,13,'一分利小店','滨湖区\n孙蒋新村','wtte91dz1g3s',1,'31.562194','120.282174','无锡滨湖区孙蒋新村','',NULL,1,1,'2016-09-16 04:45:52','2016-09-20 04:23:12'),(109,13,'蔬菜水果1','滨湖区\n仙蠡敦小学旁','wtte026615mz',1,'31.466579','120.248502','无锡滨湖区仙蠡敦小学旁','',NULL,1,1,'2016-09-16 04:46:20','2016-09-20 04:23:19'),(110,13,'新鲜放心肉店','李15061838671','wtte962c08u3',5,'31.56527','120.290364','无锡市滨湖区滨湖路荷叶新村','',NULL,1,1,'2016-09-16 04:46:55','2016-09-23 05:49:37'),(111,13,'范式菜蔬菜','滨湖区\n隐秀苑','wtte88mn89v8',6,'31.555233','120.263243','无锡滨湖区隐秀苑','',NULL,1,1,'2016-09-16 04:48:39','2016-09-17 05:19:33'),(112,13,'蓬莱蔬果','高新区\n坊前路新丰苑三期','wtteedy367pk',5,'31.568072','120.396873','无锡高新区坊前路新丰苑三期','',NULL,1,1,'2016-09-16 04:49:04','2016-09-16 06:14:00'),(113,13,'绿色菜园','锡山区\n东亭竹苑新村西区','wtteeqsvj178',5,'31.589305','120.38394','无锡锡山区东亭竹苑新村西区','',NULL,1,1,'2016-09-16 04:49:30','2016-09-16 06:14:37'),(114,13,'新园蔬菜','锡山区\n国信世家57-19','wtteehr5yfd7',5,'31.576738','120.376117','无锡锡山区国信世家57-19','',NULL,1,1,'2016-09-16 04:49:48','2016-09-16 06:14:45'),(115,13,'廉舒粮油','锡山区\n新明中路26号首创隽府','wtteg0v7vb26',5,'31.601445','120.373668','无锡锡山区新明中路26号首创隽府','',NULL,1,1,'2016-09-16 04:50:07','2016-09-16 06:14:57'),(116,13,'大德福','孙师傅\n18952680653','wtteecbwdpde',5,'31.563504','120.399946','无锡市惠山区惠山大道寺头家园大德福二楼','',NULL,1,1,'2016-09-16 04:50:33','2016-09-22 21:27:13'),(117,13,'十亩田果蔬','樊兆文\n18550095589\n','wtte10fyhfev',6,'31.470008','120.282306','无锡滨湖区蠡湖大道保利香槟苑75-1','',NULL,1,1,'2016-09-16 04:51:32','2016-09-19 04:28:21'),(118,13,'常山生鲜超市','丁\n13812265509','wtts1tdfrt1g',5,'31.671251','120.304394','无锡惠山区堰桥街道胡家渡新惠小区南门','',NULL,1,1,'2016-09-16 04:51:57','2016-09-23 05:53:11'),(119,13,'回头客蔬果店','崔龙金\n13915345853','wttec8z0sy3w',5,'31.60092','120.310112','无锡北塘区康桥丽景18-22','',NULL,1,1,'2016-09-16 04:52:23','2016-09-16 06:44:26'),(120,13,'老康冷鲜肉','周\n13771169373','wtteb41kb41v',5,'31.608493','120.236094','无锡惠山区钱桥通溪路82号','',NULL,1,1,'2016-09-16 04:52:56','2016-09-16 06:21:03'),(121,13,'惠民蔬菜超市','杨\n15951589554','wttkpdf5g2hn',5,'31.656376','120.215294','无锡惠山区钱桥锡陆路219号','',NULL,1,1,'2016-09-16 04:53:27','2016-09-16 06:20:51'),(122,13,'日日新鲜','金老板\n18861811454','wtteb1snug5s',5,'31.606095','120.240077','无锡惠山区钱桥大街486号民生超市生鲜部','',NULL,1,1,'2016-09-16 04:53:51','2016-09-16 06:19:30'),(123,13,'天天易购平价直销店','朱兴海\n18861652326','wtts127trsu2',7,'31.642925','120.294441','无锡惠山区沁春园店面房26号','',NULL,1,1,'2016-09-16 04:55:25','2016-09-19 04:02:57'),(124,13,'豫潢大地蔬菜店','张\n13912477116','wtts33c37t9g',5,'31.694428','120.291176','无锡惠山区堰桥欣惠北大门','',NULL,1,1,'2016-09-16 04:55:49','2016-09-16 06:18:49'),(125,13,'星光蔬菜店','许老板\n15161559927','wttef3rz40bp',5,'31.604753','120.343981','无锡崇安区新明西路564广益佳苑二期南门','',NULL,1,1,'2016-09-16 04:56:37','2016-09-16 06:34:02'),(126,13,'香果屋蔬菜店','金山山\n18552182862','wtte1jwgm8r7',5,'31.495616','120.287836','无锡滨湖区天鹅湖花园A区100-6','',NULL,1,1,'2016-09-16 04:57:09','2016-09-16 06:19:00'),(127,13,'蔬菜水产便民店','李绿英\n13812285491','wttec9b2dgfp',6,'31.6064','120.300757','无锡北塘区新桥花园71-6','',NULL,1,1,'2016-09-16 04:57:41','2016-09-23 05:55:12'),(128,13,'生鲜蔬菜超市','李先生\n13395135579','wtte9x3y0xg5',5,'31.593632','120.302722','无锡崇安区颐和湾','',NULL,1,1,'2016-09-16 04:58:08','2016-09-16 06:19:13'),(129,13,'便利惠鲜活购物','无','wttedm0fzwqz',6,'31.580707','120.334613','无锡崇安区学前东路(风顺里旁)学前东路与井亭东路交叉口','',NULL,1,1,'2016-09-16 05:01:08','2016-09-16 06:31:39'),(130,13,'爱家蔬菜店','郭梅\n18961767305','wttec46cbtmw',6,'31.609369','120.282126','无锡北塘区民丰西苑258号','',NULL,1,1,'2016-09-16 05:02:55','2016-09-16 06:19:25'),(141,13,'幸福菜篮子','陈爱莲 18921190062','wtte026615mz',1,'31.466579','120.248502','无锡滨湖区东顺巷家园C区南门','',NULL,1,1,'2016-09-16 06:31:41','2016-09-16 06:31:41'),(154,13,'壹加壹社区连锁超市','魏 15251607770','wtte4d3kuf55',1,'31.47803','120.346163','无锡滨湖区水乡苑二区70-27','',NULL,1,1,'2016-09-16 07:04:04','2016-09-27 04:35:37'),(178,13,'鲜果多蔬菜店','赵 18895693525','wtte1x7unh6f',5,'31.505379','120.305704','无锡滨湖区新园路581号','',NULL,1,1,'2016-09-18 01:19:59','2016-09-19 04:19:49'),(180,13,'智慧便利店','王 13013620789','wtte93j0jb54',1,'31.558228','120.296424','无锡南长区红星路五爱古运苑C区54-3','',NULL,1,1,'2016-09-18 03:43:33','2016-09-23 05:49:12'),(131,13,'如海超市','刘\n18800593791','wtteedy367pk',1,'31.568072','120.396873','无锡高新区新丰苑三期','',NULL,1,1,'2016-09-16 06:25:39','2016-09-16 06:25:39'),(132,13,'恩旭超市','夏 13706174645','wttebbk5q3sb',3,'31.598619','120.273102','无锡北塘区惠峰新村108-102 （二泉花园东门）','',NULL,1,1,'2016-09-16 06:26:06','2016-10-05 07:37:02'),(133,13,'香田蔬菜水果店','谢 13771426189','wttef9jvc202',4,'31.60316','120.352189','无锡锡山区东亭镇新明西路诺卡花园1-5','',NULL,1,1,'2016-09-16 06:26:34','2016-09-20 22:54:49'),(134,13,'益江南生鲜超市','孙\n18206188739\n','wttefcpjerc6',1,'31.603159','120.364979','无锡锡山区新民中路益江南超市','',NULL,1,1,'2016-09-16 06:26:59','2016-09-16 06:31:58'),(135,13,'益健蔬果生活超市','锡山区\n新民路57-6','wttefcgjj4fc',1,'31.607166','120.359563','无锡锡山区新民路57-6','',NULL,1,1,'2016-09-16 06:27:22','2016-09-16 06:27:22'),(136,13,'苏友超市','何 13771146008','wttefdg5ky5w',3,'31.612377','120.348567','无锡崇安区毛湾家园93-11','',NULL,1,1,'2016-09-16 06:28:10','2016-09-25 06:15:30'),(137,13,'千家万户超市','王小兰\n15358990518','wtte1g3pvfvx',8,'31.484043','120.312907','无锡滨湖区立信大道玉兰西花园77-6','',NULL,1,1,'2016-09-16 06:28:51','2016-09-23 05:53:54'),(138,13,'家悦福','周 13777272683 下午3点联系','wtte3v8t5st0',1,'31.539884','120.312123','无锡滨湖区金科世界城闻艺路20号','',NULL,1,1,'2016-09-16 06:29:26','2016-09-19 04:16:55'),(139,13,'蔬菜水果仙蠡墩店','吴 18261590586','wtte91rn00nr',3,'31.560632','120.287942','无锡滨湖区仙蠡墩家园北门对面','',NULL,1,1,'2016-09-16 06:30:13','2016-09-22 21:25:19'),(140,13,'阳光菜篮子','徐亚州 18762605557 ','wtte3ncjtmmk',3,'31.546841','120.279926','无锡滨湖区无锡市滨湖区东顾巷商铺6-4','',NULL,1,1,'2016-09-16 06:30:56','2016-09-22 21:24:21'),(142,13,'鲜润蔬果',' 张 18255889318 ','wtte46w97bgs',1,'31.478796','120.342344','无锡滨湖区水乡苑7-2','',NULL,1,1,'2016-09-16 06:32:13','2016-09-16 06:34:28'),(143,13,'宜麦隆','店铺太近','wttedb862db2',8,'31.555882','120.35559','无锡滨湖区旺庄太湖花园东区内(长江北路南)','',NULL,1,1,'2016-09-16 06:32:45','2016-09-20 04:57:21'),(144,13,'蔬果超市','15852525631','wttet0c32yw3',1,'31.557104','120.455859','无锡高新区锡贤路梅里香舍66号','',NULL,1,1,'2016-09-16 06:33:21','2016-09-18 04:47:34'),(145,13,'惠民时鲜蔬菜店','15861561834 刘','wttec84bevcg',5,'31.596797','120.304233','无锡北塘区锡澄路十八棉8号','',NULL,1,1,'2016-09-16 06:34:16','2016-09-19 04:05:19'),(146,13,'新时代购物中心','孙 18306183033','wtts1ced80yb',3,'31.649298','120.316095','无锡惠山区寺头家园1期17-5','',NULL,1,1,'2016-09-16 06:35:53','2016-09-20 01:17:36'),(147,13,'时鲜蔬菜','惠山区华夏泉绅永利花苑','wttecrkh4n5q',6,'31.637225','120.29489','无锡惠山区华夏泉绅永利花苑','',NULL,1,1,'2016-09-16 06:36:35','2016-09-17 05:10:42'),(148,13,'惠易隆生活超市','无锡惠山区永利花苑35号','wttecrk0fmzc',6,'31.636665','120.294907','无锡惠山区永利花苑35号','',NULL,1,1,'2016-09-16 06:37:52','2016-09-19 04:02:01'),(149,13,'生鲜蔬菜超市1','无锡惠山区前桥春满园2-14号','wtt7z9x2n18e',1,'31.604928','120.222617','无锡惠山区前桥春满园2-14号','',NULL,1,1,'2016-09-16 06:40:20','2016-09-16 06:40:20'),(150,13,'燕春粮油超市','晏长龙\n13665186915\n\n','wtte388z14wc',8,'31.512751','120.301375','无锡滨湖 锡南路195号周新菜场旁','',NULL,1,1,'2016-09-16 06:46:37','2016-09-20 06:56:21'),(151,13,'金邻居农产品商行',' 牛庆午 15301512201','wttedu4v70yu',3,'31.575613','120.359139','无锡市锡山区恒大绿洲绿景雅苑21-1','',NULL,1,1,'2016-09-16 06:47:06','2016-09-18 05:13:36'),(152,13,'小胖蔬果超市','王 15720699034','wtteegy8b8dk',1,'31.573466','120.408121','无锡高新区五洲国际工业博览城辽宁街D-46栋114号','',NULL,1,1,'2016-09-16 06:50:27','2016-09-20 07:02:14'),(153,13,'上海如海超市','王 13861757786','wttefckcmn8d',4,'31.603796','120.361963','无锡锡山区新明路51号','',NULL,1,1,'2016-09-16 06:53:57','2016-09-16 06:53:57'),(155,13,'左邻友舍生鲜超市','童 13814287495','wtteekxswhu4',1,'31.578252','120.38776','无锡锡山区花郡家园58-41','',NULL,1,1,'2016-09-16 07:04:51','2016-09-20 07:01:57'),(156,13,'山西闻西平价蔬菜水果店','高新区\n旺庄东路8号','wttee0kbzg2y',1,'31.554255','120.373068','无锡高新区旺庄东路8号','',NULL,1,1,'2016-09-16 07:05:59','2016-09-16 07:05:59'),(179,13,'粮油蔬菜','朱 18115715965','wttedmy8znyj',1,'31.584486','120.342487','无锡崇安区宁海里309-7','',NULL,1,1,'2016-09-18 01:29:14','2016-09-18 01:29:14'),(159,13,'御香缘农产品超市','无锡北塘区民丰家园','wttec6jgnj86',1,'31.608211','120.297461','无锡北塘区民丰家园','',NULL,1,1,'2016-09-16 07:08:26','2016-09-16 07:08:26'),(160,13,'社东田园城市农场','劳 17730052380  9-26 进冰箱 9- 27-铺货','wttec9uuwygg',3,'31.607102','120.307111','无锡北塘区民丰路42号','',NULL,1,1,'2016-09-16 07:10:31','2016-09-27 04:34:42'),(161,13,'一家亲蔬果店','韩老板 13221816521','wtts13j4pb1e',3,'31.646462','120.296508','无锡惠山区天池路236号','',NULL,1,1,'2016-09-16 07:11:34','2016-09-20 01:17:22'),(162,13,'营鲜生精品生鲜超市','滨湖区雪溪苑A区23-3号','wtte18248e3f',1,'31.466664','120.300317','无锡滨湖区雪溪苑A区23-3号','',NULL,1,1,'2016-09-16 07:58:58','2016-09-20 04:23:36'),(163,13,'冷鲜肉专卖','滨湖区\n孙蒋新村','wtte91dz1g3s',1,'31.562194','120.282174','无锡滨湖区孙蒋新村','',NULL,1,1,'2016-09-16 08:00:06','2016-09-20 04:23:51'),(164,13,'益健农产品蔬菜前进路店','吴 15861471386','wtted98phpsw',8,'31.562217','120.344416','无锡滨湖区前进路6号','',NULL,1,1,'2016-09-16 08:00:57','2016-10-06 02:05:38'),(165,13,'博客牛仔','无锡南长区芦庄二区30-1号','wtte3svt02gy',1,'31.535745','120.307862','无锡南长区芦庄二区30-1号','',NULL,1,1,'2016-09-16 08:01:39','2016-09-20 04:24:03'),(166,13,'无店铺名','无锡南长区芦庄二区30-1号','wtte3svt02gy',1,'31.535745','120.307862','无锡南长区芦庄二区30-1号','',NULL,1,1,'2016-09-16 08:02:11','2016-09-20 04:24:12'),(167,13,'蔬菜水果芦庄店','店铺环境不合适！','wtte3svt02gy',5,'31.535745','120.307862','无锡南长区芦庄二区30-1号','',NULL,1,1,'2016-09-16 08:02:45','2016-09-18 03:44:43'),(168,13,'小李鲜肉蔬菜','陈 13921547508','wtte4v6m32jj',1,'31.494585','120.358375','无锡滨湖区凯发支路与怡园路交叉口东100米','',NULL,1,1,'2016-09-16 08:03:32','2016-09-18 01:22:08'),(169,13,'无店名1','环境不适合！','wtte962c08u3',5,'31.56527','120.290364','无锡滨湖区滨湖路荷叶新村','',NULL,1,1,'2016-09-16 08:08:18','2016-09-18 03:59:55'),(171,13,'利民超市惠龙新村店','无锡北塘区惠龙新村E区','wttebdj2sye9',1,'31.607787','120.263766','无锡北塘区惠龙新村E区','',NULL,1,1,'2016-09-17 05:07:47','2016-09-17 05:07:47'),(172,13,'利民超市对面店','无锡北塘区惠龙新村E区','wttebdj2sye9',5,'31.607787','120.263766','无锡北塘区惠龙新村E区','',NULL,1,1,'2016-09-17 05:14:42','2016-09-19 04:10:14'),(173,13,'京沪时代毛湾家园店','王 15997350107','wttefdg5ky5w',1,'31.612377','120.348567','无锡崇安区毛湾家园','',NULL,1,1,'2016-09-17 05:21:58','2016-09-20 22:56:21'),(174,13,'京沪时代石门路店','王 18761531508','wttebf3eq2m4',1,'31.609599','120.269669','无锡北塘区石门路黄金汉爵酒店旁','',NULL,1,1,'2016-09-17 05:23:06','2016-09-18 01:10:51'),(175,13,'趣买菜','手机','wtteshd7wjrd',1,'31.578083','120.413514','无锡滨湖区纺城大道新世界国际B栋','',NULL,1,1,'2016-09-17 05:23:58','2016-09-20 04:24:31'),(176,13,'绿岛生鲜超市','1111','wtte6zr6hp9v',1,'31.548999','120.365355','无锡高新区长江比路178号','',NULL,1,1,'2016-09-17 22:40:36','2016-09-20 04:24:39'),(177,13,'膳园蔬果','潘 15052297876','wtte31p0sgzk',3,'31.514389','120.288147','无锡滨湖区太湖国际一街区80-3号','',NULL,1,1,'2016-09-18 01:14:50','2016-09-21 03:08:12'),(182,13,'UFARM精品生鲜超市','杨 13485062962','wtte1g3pvfvx',3,'31.484043','120.312907','无锡滨湖区立信大道玉兰西花园77-9','',NULL,1,1,'2016-09-19 04:21:26','2016-09-21 03:08:03'),(183,13,'五河菜店 ','张 13771539819','wttec4r01czp',3,'31.60905','120.288018','无锡北塘区五河新村96-3','',NULL,1,1,'2016-09-20 01:22:58','2016-09-20 01:24:26'),(184,13,'便民蔬菜超市','店忙 ','wttec6jegcm7',1,'31.608317','120.297028','民丰家园一区51-6号','',NULL,1,1,'2016-09-20 01:35:09','2016-09-20 04:24:48'),(185,13,'双汇冷鲜肉','店里忙','wttec966vx3t',1,'31.604058','120.303621','无锡市北塘区凤宾路新桥花园137-2号','',NULL,1,1,'2016-09-20 01:38:10','2016-09-20 04:24:56'),(186,13,'其明蔬菜店','13861776569','wtte9rwpm65g',1,'31.595189','120.297777','无锡市崇安区胜利门横街23号','',NULL,1,1,'2016-09-20 01:40:17','2016-09-20 01:40:17'),(187,13,'水果蔬菜超市 红梅市场店','房租到期转让','wtted620pywq',6,'31.56513','120.333593','无锡市崇安区横街小区老红梅市场旁','',NULL,1,1,'2016-09-20 01:42:31','2016-09-20 01:42:31'),(188,13,'省好多食品超市','何 13771146008','wttef9jmkxq8',1,'31.603113','120.35165','无锡崇安区诺卡小镇118号','',NULL,1,1,'2016-09-20 22:58:46','2016-09-20 22:58:46'),(189,13,'我的未来生活超市','史伟 13328154855','wttedk8z1uur',1,'31.578682','120.334363','无锡市崇安区东风家园二期117-110号','',NULL,1,1,'2016-09-20 23:01:35','2016-09-20 23:01:35'),(190,13,'平价蔬菜水果店','平价蔬菜水果店    无锡惠山区凤翔北路与北环路交叉口西150米','wttecx9s32ms',2,'31.63861','120.302414','无锡惠山区凤翔北路与北环路交叉口西150米','',NULL,1,1,'2016-09-21 01:51:28','2016-09-21 01:51:28'),(191,13,'溢鲜居果品蔬菜','溢鲜居果品蔬菜   无锡惠山区天一新街沁春园北门','wtts127trsu2',2,'31.642925','120.294441','无锡惠山区天一新街沁春园北门','',NULL,1,1,'2016-09-21 01:51:56','2016-09-21 01:51:56'),(192,13,'汇鲜蔬菜','13771503800','wttecrhdyp8j',2,'31.635645','120.295744','无锡惠山区石柱巷西100米','',NULL,1,1,'2016-09-21 01:52:27','2016-09-21 01:52:27'),(193,13,'小菜篮','15251621618','wtts19qgbs9k',2,'31.64816','120.309586','无锡惠山区天丰路与西青路交叉口西北50米','',NULL,1,1,'2016-09-21 01:52:55','2016-09-21 01:52:55'),(194,13,'五河菜店凤翔路','五河菜店   无锡市梁溪区凤翔路138号附近（东门）\n','wttec604n1g9',2,'31.608019','120.289569',' 无锡市梁溪区凤翔路138号附近（东门）','',NULL,1,1,'2016-09-21 01:54:30','2016-09-21 01:54:30'),(195,13,'惠民蔬菜超市阳光壹佰店','15852500062\n','wttecpq4r9u9',2,'31.636901','120.286888','无锡市惠山区阳光壹佰国际城80-2 ','',NULL,1,1,'2016-09-21 01:55:09','2016-09-21 01:55:09'),(196,13,'华雨菜站','华雨菜站   无锡梁溪区广宾路梨花家园56-1号（东门）','wttec94cec1p',2,'31.602437','120.304232','无锡梁溪区广宾路梨花家园56-1号（东门）','',NULL,1,1,'2016-09-21 01:55:27','2016-09-21 01:55:27'),(197,13,'兰兰蔬菜店','兰兰蔬菜店   无锡惠山区富村弄22号附近','wttecvgyzbsx',2,'31.629428','120.316768','无锡惠山区富村弄22号附近','',NULL,1,1,'2016-09-21 01:56:31','2016-09-21 01:56:31'),(198,13,'老陈蔬菜店','老陈蔬菜店   无锡梁溪区谢巷路436号附近','wttec4x2j9uw',2,'31.610423','120.288519','无锡梁溪区谢巷路436号附近','',NULL,1,1,'2016-09-21 01:56:49','2016-09-21 01:56:49'),(199,13,'平价蔬菜水果','平价蔬菜水果   无锡梁溪区广晟苑东门','wtteccusvb67',2,'31.60711','120.317709','无锡梁溪区广晟苑东门','',NULL,1,1,'2016-09-21 01:57:04','2016-09-21 01:57:04'),(200,13,'利民蔬果店','13665188870','wttef1ge42nz',2,'31.606809','120.327178','无锡梁溪区施巷23号附近东门','',NULL,1,1,'2016-09-21 01:57:52','2016-09-21 01:57:52'),(201,13,'宇铭果蔬','宇铭果蔬   无锡梁溪区李巷西50米（山北）','wttebk3kf4j3',2,'31.620852','120.247171','无锡市梁溪区江海西路李巷西50米','',NULL,1,1,'2016-09-21 01:58:13','2016-09-21 03:25:09'),(202,13,'刘胖子便民蔬菜店','刘胖子便民蔬菜店   无锡梁溪区凤翔南路与快速内环（西）入口交叉口东南100米（东门）','wttec6913h7b',2,'31.61065','120.290728','无锡梁溪区凤翔南路与快速内环（西）入口交叉口东南100米（东门）','',NULL,1,1,'2016-09-21 01:58:43','2016-09-21 01:58:43'),(203,13,'便民蔬菜直销店','便民蔬菜直销店   无锡梁溪区惠峰路盛岸二村海尚映象北80米路东（东门）','wtte8zcqjyvd',2,'31.596373','120.269305','无锡梁溪区惠峰路盛岸二村海尚映象北80米路东（东门）','',NULL,1,1,'2016-09-21 01:59:05','2016-09-21 01:59:05'),(204,13,'大明水果蔬菜粮油','大明水果蔬菜粮油   无锡梁溪区惠峰新村东门\n','wttebb3enn5m',2,'31.598601','120.269656','无锡梁溪区惠峰新村东门','',NULL,1,1,'2016-09-21 01:59:26','2016-09-21 01:59:26'),(205,13,'融创果蔬','18018390696','wtts4j4b38vx',2,'31.668139','120.326114','无锡惠山区理想城市花园787-2号','',NULL,1,1,'2016-09-21 01:59:47','2016-09-21 01:59:47'),(206,13,'金东果业','金东果业（蔬果乐购）  无锡梁溪区惠廲苑108-109（东门）','wtteb8pgg4sy',2,'31.597338','120.267126','无锡市梁溪区惠麓苑108-109号','',NULL,1,1,'2016-09-21 02:00:06','2016-09-21 03:18:51'),(207,13,'家兴蔬菜百货店','家兴蔬菜百货店 无锡惠山区文惠路88号','wtts3b7hbxh4',2,'31.686797','120.315426','无锡惠山区文惠路88号','',NULL,1,1,'2016-09-21 02:01:36','2016-09-21 02:01:36'),(208,13,'向卫蔬果大卖场','向卫蔬果大卖场 无锡锡山区芙蓉四路与锦旺路交叉口西南100米（东北塘村）','wttefv90jyxw',2,'31.626928','120.356855','无锡锡山区芙蓉四路与锦旺路交叉口西南100米（东北塘村）','',NULL,1,1,'2016-09-21 02:01:56','2016-09-21 02:01:56'),(209,13,'豪泰隆蔬果卖场','豪泰隆蔬果卖场 无锡梁溪区 新明西路广益星苑105-4号','wttef91ejemh',2,'31.602706','120.346541','无锡梁溪区新明西路广益星苑105-4号','',NULL,1,1,'2016-09-21 02:02:18','2016-09-21 02:02:18'),(210,13,'龙韵蔬果平价超市','15162206601','wtteb38nkdme',2,'31.606005','120.245562','无锡惠山区惠钱路228-8号','',NULL,1,1,'2016-09-21 02:02:41','2016-09-21 02:02:41'),(211,13,'大众百货蔬菜店','大众百货蔬菜店 无锡锡山区皮革城东方魅力步行街T2-117-118（东北塘村）','wttefzdc94m0',2,'31.638148','120.359051','无锡锡山区皮革城东方魅力步行街T2-117-118（东北塘村）','',NULL,1,1,'2016-09-21 02:02:59','2016-09-21 02:02:59'),(212,13,'堰新苑精品水果蔬菜鲜肉活鱼店 ','堰新苑精品水果蔬菜鲜肉活鱼店  无锡市惠山区盛巷180号附近','wtts36hptpg3',2,'31.696886','120.295019','无锡市惠山区盛巷180号附近','',NULL,1,1,'2016-09-21 02:03:34','2016-09-21 02:03:34'),(213,13,'侬家蔬果喔','13382885769','wtts3b3m68mu',2,'31.686847','120.313111','无锡市惠山区惠源路与文惠路交叉口东北50米','',NULL,1,1,'2016-09-21 02:04:10','2016-09-21 02:04:10'),(214,13,'小孟绿色蔬菜超市','小孟绿色蔬菜超市  无锡市梁溪区振新路254-7号','wtte9e5ub33y',2,'31.570037','120.305456','无锡市梁溪区振新路254-7号','',NULL,1,1,'2016-09-21 02:04:25','2016-09-21 02:04:25'),(215,13,'李氏蔬果店','李氏蔬果店  无锡市梁溪区靖海地铁站出入口东150米','wtte9e5ub33y',2,'31.570037','120.305456','无锡市梁溪区靖海地铁站出入口东150米','',NULL,1,1,'2016-09-21 02:04:41','2016-09-21 02:04:41'),(216,13,'蔬果超市农石路店','18661284826  13812055964','wtts50fgqhuk',2,'31.645329','120.370251','无锡市锡山区农石路与浓新路交叉口南150米','',NULL,1,1,'2016-09-21 02:07:38','2016-09-21 02:07:38'),(217,13,'乐购鲜平价蔬菜(通扬分店) ','乐购鲜平价蔬菜(通扬分店)  无锡市梁溪区知足桥路与通扬路交叉口东100米\n','wtte9cy7rte9',2,'31.562935','120.320189','无锡市梁溪区知足桥路与通扬路交叉口东100米','',NULL,1,1,'2016-09-21 02:08:03','2016-09-21 02:08:03'),(218,13,'便民蔬果长馨家园店','便民蔬果  无锡市惠山区长馨家园大门口','wtts4trj4m9w',2,'31.670353','120.35395','无锡市惠山区长馨家园大门口','',NULL,1,1,'2016-09-21 02:08:38','2016-09-21 02:08:38'),(219,13,'老头子蔬菜店','老头子蔬菜店   无锡市新吴区叙康路东150米','wtte9e5ub33y',2,'31.570037','120.305456','无锡市新吴区叙康路东150米','',NULL,1,1,'2016-09-21 02:09:05','2016-09-21 02:09:05'),(220,13,'好自然蔬菜基地(阳光店) ','好自然蔬菜基地(阳光店)  无锡市梁溪区建筑路62附近\n','wtte92xm3y9m',2,'31.556418','120.29934','无锡市梁溪区建筑路62附近米','',NULL,1,1,'2016-09-21 02:12:24','2016-09-21 02:12:24'),(221,13,'辛辛水果蔬菜','18762666773','wttkpdf5g2hn',2,'31.656376','120.215294','无锡市惠山区上伟路南50米','',NULL,1,1,'2016-09-21 02:12:45','2016-09-21 02:12:45'),(222,13,'平价蔬菜粮油店','平价蔬菜粮油店  无锡市锡山区庄桥路20号附近','wtteeqyp56b6',2,'31.59103','120.385577','无锡市锡山区庄桥路20号附近','',NULL,1,1,'2016-09-21 02:14:29','2016-09-21 02:14:29'),(223,13,'四川蔬菜店','四川蔬菜店  无锡市锡山区振新路1-19号附近','wtts5erbdkxr',2,'31.658589','120.398933','无锡市锡山区振新路1-19号附近','',NULL,1,1,'2016-09-21 02:14:50','2016-09-21 02:14:50'),(224,13,'烟酒百货蔬菜水果超市','15050685187 18352563211','wtt7ze5grf01',2,'31.613728','120.217885','无锡市惠山区钱桥大道北100米','',NULL,1,1,'2016-09-21 02:15:24','2016-09-21 02:15:24'),(225,13,'果篮有菜(永乐路店)  ','0510-88554888\n','wtte9fe3kcyk',2,'31.566692','120.315955','无锡市梁溪区南河浜12号(水利大厦一楼,永乐电器对面) ','',NULL,1,1,'2016-09-21 02:16:03','2016-09-21 02:16:03'),(226,13,'无锡市惠山区长八路118号附近','金鹏蔬果店  无锡市惠山区长八路118号附近','wttkpdf5g2hn',2,'31.656376','120.215294','无锡市惠山区长八路118号附近','',NULL,1,1,'2016-09-21 02:16:28','2016-09-21 02:16:28'),(227,13,'兴旺蔬菜店','兴旺蔬菜店(北匝道)  无锡市梁溪区金城桥北匝道14号附近','wtte6n8p2ur8',2,'31.545762','120.322308','无锡市梁溪区金城桥北匝道14号附近','',NULL,1,1,'2016-09-21 02:16:51','2016-09-21 02:16:51'),(228,13,'蔬菜水果八达大道店','15251416290','wtts5fn9tv44',2,'31.651896','120.408346','无锡市锡山区八达大道与301县道交叉口西北50米','',NULL,1,1,'2016-09-21 02:17:33','2016-09-21 02:17:33'),(229,13,'稻香便利店','稻香便利店  无锡市滨湖区稻香路18-1号移动营业厅湖滨路','wtte8bqqwn56',2,'31.555256','120.276179','无锡市滨湖区稻香路18-1号移动营业厅湖滨路','',NULL,1,1,'2016-09-21 02:17:53','2016-09-21 02:17:53'),(230,13,'小刚水果蔬菜店','13255218408\n','wtte3t6euw4j',2,'31.538305','120.303922','无锡市梁溪区金星街道芦庄四区','',NULL,1,1,'2016-09-21 02:18:15','2016-09-21 02:18:15'),(231,13,'四季蔬菜水果 ','13182741668','wtte3gc84e72',2,'31.529406','120.313451','无锡市梁溪区大桥路与芦庄路交叉口北200米','',NULL,1,1,'2016-09-21 02:19:16','2016-09-21 02:19:16'),(232,13,'六区蔬菜店','六区蔬菜店  无锡市滨湖区金石东路119号附近','wtte3gd6uc7w',2,'31.528495','120.314578','无锡市滨湖区金石东路119号附近','',NULL,1,1,'2016-09-21 02:19:55','2016-09-21 02:19:55'),(233,13,'鲜惠蔬菜店','鲜惠蔬菜店  无锡市滨湖区春潮花园二区陆巷上11号\n','wtte7ruw4h46',2,'31.552413','120.383466','无锡市滨湖区春潮花园二区陆巷上11号','',NULL,1,1,'2016-09-21 02:20:13','2016-09-21 02:20:13'),(234,13,'四季生态水产平价蔬菜店','四季生态水产平价蔬菜店 无锡市滨湖区坊镇路与新芳路交叉口西50米','wtteed0gucrj',2,'31.564372','120.389427','无锡市滨湖区坊镇路与新芳路交叉口西50米','',NULL,1,1,'2016-09-21 02:20:29','2016-09-21 02:20:29'),(235,13,'开心蔬果','开心蔬果  无锡市锡山区八士西街与芙蓉西路交叉口南50米','wtts5dnez875',2,'31.652257','120.397436','无锡市锡山区八士西街与芙蓉西路交叉口南50米','',NULL,1,1,'2016-09-21 02:20:44','2016-09-21 02:20:44'),(236,13,'放心果蔬超市','放心果蔬超市  无锡市梁溪区金星路与阳光直街交叉口东北200米','wtte3x9wb1pw',2,'31.551153','120.302363','无锡市梁溪区金星路与阳光直街交叉口东北200米','',NULL,1,1,'2016-09-21 02:21:00','2016-09-21 02:21:00'),(237,13,'蔬果超市景盛路店','蔬果超市  无锡市惠山区景盛路附近','wtt7xx03u9yh',2,'31.591497','120.212947','无锡市惠山区景盛路附近','',NULL,1,1,'2016-09-21 02:21:27','2016-09-21 02:21:27'),(238,13,'老王蔬菜水果','老王蔬菜水果  无锡市滨湖区八房扬巷东200米','wtte7rfyr7tr',2,'31.552454','120.381292','无锡市滨湖区八房扬巷东200米','',NULL,1,1,'2016-09-21 02:21:53','2016-09-21 02:21:53'),(239,13,'菜之篮平价蔬菜店(大箕山店)','菜之篮平价蔬菜店(大箕山店)  无锡市滨湖区独月路1附近','wtt7rxyqdz73',2,'31.552516','120.221108','无锡市滨湖区独月路1附近','',NULL,1,1,'2016-09-21 02:22:08','2016-09-21 02:22:08'),(240,13,'小孟果园','小孟果园  无锡市惠山区藕塘北路68号附近','wtt7z12kxed7',2,'31.604338','120.191098','无锡市惠山区藕塘北路68号附近','',NULL,1,1,'2016-09-21 02:22:22','2016-09-21 02:22:22'),(241,13,'果蔬生鲜部','果蔬生鲜部  无锡市惠山区钱胡公路532号附近','wtt7z2v0buw5',2,'31.600953','120.208323','无锡市惠山区钱胡公路532号附近','',NULL,1,1,'2016-09-21 02:22:38','2016-09-21 02:22:38'),(242,13,'绿色水果蔬菜','绿色水果蔬菜  无锡市惠山区藕塘大道93号附近','wtt7yghcegn3',2,'31.613433','120.186136','无锡市惠山区藕塘大道93号附近','',NULL,1,1,'2016-09-21 02:23:03','2016-09-21 02:23:03'),(243,13,'天汇蔬果批发零售大卖场','天汇蔬果批发零售大卖场  无锡市滨湖区国信世家57-9号','wtteehrtnn0x',2,'31.576972','120.376769','无锡市滨湖区国信世家57-9号','',NULL,1,1,'2016-09-21 02:23:20','2016-09-21 02:23:20'),(244,13,'云林鲜菜店','云林鲜菜店  无锡市锡山区施家庄路917号附近','wtteg97bpujf',2,'31.603568','120.393674','无锡市锡山区施家庄路917号附近','',NULL,1,1,'2016-09-21 02:23:36','2016-09-21 02:23:36'),(245,13,'天天蔬菜店(杨市店)','天天蔬菜店(杨市店)  无锡市惠山区洛社镇杨市润杨村马家村47号  15371086323','wttkxecfh8eb',2,'31.749461','120.215004','无锡市惠山区洛社镇杨市润杨村马家村47号  15371086323','',NULL,1,1,'2016-09-21 02:23:51','2016-09-21 02:23:51'),(246,13,'皖西水果蔬菜','皖西水果蔬菜  无锡市新吴区江苏街d-37号213附近','wttes5gjhrky',2,'31.574232','120.414465','无锡市新吴区江苏街d-37号213附近','',NULL,1,1,'2016-09-21 02:24:04','2016-09-21 02:24:04'),(247,13,'厨房前沿生鲜超市(洛社店)','厨房前沿生鲜超市(洛社店)  无锡市惠山区新兴东路35附近','wttkp16d0b09',2,'31.647835','120.193896','无锡市惠山区新兴东路35附近','',NULL,1,1,'2016-09-21 02:24:19','2016-09-21 02:24:19'),(248,13,'鑫源粮油蔬菜店','15061500132 15052273636','wtte3bym61dh',2,'31.513819','120.319951','无锡市滨湖区大通路61号附近','',NULL,1,1,'2016-09-21 02:24:39','2016-09-21 02:24:39'),(249,13,' 水果蔬菜俏媳妇采购场','\n水果蔬菜俏媳妇采购场  无锡市锡山区西大街与镇北路交叉口西100米','wtteufb62h9u',2,'31.612197','120.443461','无锡市锡山区西大街与镇北路交叉口西100米','',NULL,1,1,'2016-09-21 02:24:55','2016-09-21 02:24:55'),(250,13,'东降便民蔬菜店','东降便民蔬菜店  无锡市滨湖区周新路与观园路交叉口南100米','wtte38dqh90n',2,'31.512572','120.303576','无锡市滨湖区周新路与观园路交叉口南100米','',NULL,1,1,'2016-09-21 02:25:12','2016-09-21 02:25:12'),(251,13,'胖子粮油蔬菜特价店','13665111184','wtte62fhd7ws',2,'31.513701','120.336104','无锡市滨湖区高运路','',NULL,1,1,'2016-09-21 02:25:32','2016-09-21 02:25:32'),(252,13,'平价蔬果','平价蔬果  无锡市新吴区旺庄镇西陈巷79号后门','',2,'31.631133','120.350721','无锡市新吴区旺庄镇西陈巷79号后门','',NULL,1,1,'2016-09-21 02:25:45','2016-09-21 02:25:45'),(253,13,'天天蔬菜店','天天蔬菜店  无锡市惠山区仁东路2号附近','',2,'31.628322','120.145015',' 无锡市惠山区仁东路2号附近','',NULL,1,1,'2016-09-21 02:26:02','2016-09-21 02:26:02'),(254,13,'溢鲜居粮油蔬菜','15895313895','',2,'31.721616','120.193318','无锡市惠山区堰玉路52号附近','',NULL,1,1,'2016-09-21 02:26:32','2016-09-21 02:26:32'),(255,13,'利民鲜肉蔬菜','利民鲜肉蔬菜  无锡市惠山区海瑞路19-9号','wttkrns654jq',2,'31.720631','120.196402','无锡市惠山区海瑞路19-9号','',NULL,1,1,'2016-09-21 02:26:45','2016-09-21 02:26:45'),(256,13,'八喜生鲜超市(芦庄店) ','八喜生鲜超市(芦庄店)  无锡市梁溪区扬名街道芦庄二区大桥路30号-1','wtte3svjh4du',2,'31.535754','120.307335','无锡市梁溪区扬名街道芦庄二区大桥路30号-1','',NULL,1,1,'2016-09-21 02:27:04','2016-09-21 02:27:04'),(257,13,'三嫂平价菜店','三嫂平价菜店  无锡市滨湖区旺庄东路43号附近','wttee0kj29xn',2,'31.555018','120.371735','无锡市滨湖区旺庄东路43号附近','',NULL,1,1,'2016-09-21 02:27:18','2016-09-21 02:27:18'),(258,13,'苏果菜业','苏果菜业  无锡市梁溪区扬名街道芦庄路232号对面','wtte3sp6m8y2',2,'31.531152','120.310494','无锡市梁溪区扬名街道芦庄路232号对面','',NULL,1,1,'2016-09-21 02:27:37','2016-09-21 02:27:37'),(259,13,'水果哥','水果哥  无锡市滨湖区新区行创四路新洲人家31-43','wtte7tkhkuvs',2,'31.538384','120.393888','无锡市滨湖区新区行创四路新洲人家31-43','',NULL,1,1,'2016-09-21 02:28:24','2016-09-21 02:28:24'),(260,13,'鑫鑫蔬果','鑫鑫蔬果  无锡市新吴区江溪街道坊育路92号  15251521563','wttee9vtuc53',2,'31.56334','120.395945','无锡市新吴区江溪街道坊育路92号  15251521563','',NULL,1,1,'2016-09-21 02:28:45','2016-09-21 02:28:45'),(261,13,'惠源蔬果超市','惠源蔬果超市  无锡市滨湖区瑞城花园33-46号','wtte7rzukv6p',2,'31.55212','120.388047','无锡市滨湖区瑞城花园33-46号','',NULL,1,1,'2016-09-21 02:29:05','2016-09-21 02:29:05'),(262,13,'诚信果蔬','诚信果蔬  无锡市新吴区瑞城花园28-12号','wtte7xburwnq',2,'31.552124','120.389544','无锡市新吴区瑞城花园28-12号','',NULL,1,1,'2016-09-21 02:33:22','2016-09-21 02:33:22'),(263,13,'相约蔬果','相约蔬果  无锡市滨湖区大剧院路111-103号附近','wtte3601y62y',2,'31.520089','120.289576','无锡市滨湖区大剧院路111-103号附近','',NULL,1,1,'2016-09-21 02:33:39','2016-09-21 02:33:39'),(264,13,'天天来菜店','天天来菜店 无锡市新吴区辽宁街121幢附近','wtteeur1ee6u',2,'31.576356','120.408937','无锡市新吴区辽宁街121幢附近','',NULL,1,1,'2016-09-21 02:33:55','2016-09-21 02:33:55'),(265,13,'胖子蔬菜店','胖子蔬菜店  无锡市滨湖区雪浪街道仙河苑一期才清饭店楼下','wtte10md3brf',2,'31.466605','120.285959','无锡市滨湖区雪浪街道仙河苑一期才清饭店楼下','',NULL,1,1,'2016-09-21 02:34:10','2016-09-21 02:34:10'),(266,13,'好客多水果蔬菜','0510-88153639','wttes85ky5py',2,'31.553567','120.43686','无锡市新吴区新区梅满嘉园51-10号  0510-88153639','',NULL,1,1,'2016-09-21 02:34:26','2016-09-21 02:34:26'),(267,13,' 胖子鲜肉蔬菜店','15949238064','wttevuctzxhc',2,'31.623797','120.489449','无锡市锡山区和泽路112号  15949238064','',NULL,1,1,'2016-09-21 02:34:47','2016-09-21 02:34:47'),(268,13,' 小刘蔬菜(清源路)','\n小刘蔬菜(清源路)  无锡市滨湖区永信路与清源路交叉口西南150米','wtte46qefze7',2,'31.477888','120.342301','无锡市滨湖区永信路与清源路交叉口西南150米','',NULL,1,1,'2016-09-21 02:35:04','2016-09-21 02:35:04'),(269,13,'蔬菜便利店','蔬菜便利店  无锡市锡山区振湖街与红星路交叉口北50米','wttsnn0ydbyz',2,'31.674705','120.499204','无锡市锡山区振湖街与红星路交叉口北50米','',NULL,1,1,'2016-09-21 02:35:24','2016-09-21 02:35:24'),(270,13,'抵抗力蔬果超市','抵抗力蔬果超市  无锡市新吴区行创一路11-2','wtte9e5ub33y',2,'31.570037','120.305456','无锡市新吴区行创一路11-2','',NULL,1,1,'2016-09-21 02:35:39','2016-09-21 02:35:39'),(271,13,'伏英蔬菜店','伏英蔬菜店  无锡市滨湖区尚德路与敦睦路交叉口东150米','wtte12jdm7wx',2,'31.46525','120.297094','无锡市滨湖区尚德路与敦睦路交叉口东150米','',NULL,1,1,'2016-09-21 02:35:54','2016-09-21 02:35:54'),(272,13,'蔬菜水果','蔬菜水果  无锡市滨湖区净慧西道与秀景路交叉口东南100米','wtte54khwr69',2,'31.478015','120.371976','无锡市滨湖区净慧西道与秀景路交叉口东南100米','',NULL,1,1,'2016-09-21 02:36:07','2016-09-21 02:36:07'),(273,13,'水米菜店','13606172265','wtte1xg4v66b',2,'31.5079','120.304642','无锡市滨湖区周新苑461-13号','',NULL,1,1,'2016-09-21 02:36:30','2016-09-21 02:36:30'),(274,13,'蔬果店','蔬果店  无锡市新吴区新洲人家31-37','wtte7tkh4z6r',2,'31.538355','120.393798','无锡市新吴区新洲人家31-37','',NULL,1,1,'2016-09-21 02:37:03','2016-09-21 02:37:03'),(275,13,'墨墨蔬果卖场','墨墨蔬果卖场  无锡市惠山区人民中路与杨市园大街交叉口东北50米','wtt7vynu43te',2,'31.630334','120.144872','无锡市惠山区人民中路与杨市园大街交叉口东北50米','',NULL,1,1,'2016-09-21 02:37:19','2016-09-21 02:37:19'),(276,13,'无公害蔬菜鲜肉平价超市','13921160095','wttkrjgrnj9v',2,'31.717388','120.195153','无锡市惠山区玉祁镇邮政局斜对面','',NULL,1,1,'2016-09-21 02:37:50','2016-09-21 02:37:50'),(277,13,'锡友蔬果超市','0510-88154078','wttes88sggdt',2,'31.556316','120.43298','无锡市滨湖区梅村镇锡义路香梅人家35-7','',NULL,1,1,'2016-09-21 02:38:33','2016-09-21 02:38:33'),(278,13,'微联蔬果','13222928127','wtte9e5ub33y',2,'31.570037','120.305456','无锡市新吴区锡贤路138-15号创业园公寓1层','',NULL,1,1,'2016-09-21 02:38:56','2016-09-21 02:38:56'),(279,13,'山东鲜肉蔬菜','山东鲜肉蔬菜  无锡市惠山区堰玉路与海瑞路交叉口西北100米','wttkrn9g139b',2,'31.720799','120.192889','无锡市惠山区堰玉路与海瑞路交叉口西北100米','',NULL,1,1,'2016-09-21 02:39:09','2016-09-21 02:39:09'),(280,13,'美满锦园蔬果超市','15961502062','wttekxfcwg',2,'31.55164','120.4362','无锡市滨湖区新区梅村泰伯大道与梅西路交叉口','',NULL,1,1,'2016-09-21 02:39:28','2016-09-21 02:39:28'),(281,13,'捷利行蔬果超市','捷利行蔬果超市  无锡市滨湖区新华路23号附近','wttek7sscye7',2,'31.528866','120.427402','无锡市滨湖区新华路23号附近','',NULL,1,1,'2016-09-21 02:39:41','2016-09-21 02:39:41'),(282,13,'平价蔬果雪丰路店',' 13771518302','wtte1ednj6eu',2,'31.485114','120.30327','无锡市滨湖区雪丰路北50米','',NULL,1,1,'2016-09-21 02:40:08','2016-09-21 02:40:08'),(283,13,'领鲜蔬果超市(新友路)','18921597839','wttesbhrr8zb',2,'31.553983','120.449284','无锡市新吴区新吴区泰伯花苑398-56号  18921597839','',NULL,1,1,'2016-09-21 02:40:35','2016-09-21 02:40:35'),(284,13,'林林蔬菜店','林林蔬菜店  无锡市新吴区鸿山路231附近','wtte9e5ub33y',2,'31.570037','120.305456','无锡市新吴区鸿山路231附近','',NULL,1,1,'2016-09-21 02:40:47','2016-09-21 02:40:47'),(285,13,'四季果蔬(梅里路)','四季果蔬(梅里路)  无锡市新吴区新锦路与梅里路交叉口东南100米','wttemjujszkc',2,'31.541358','120.459805',' 无锡市新吴区新锦路与梅里路交叉口东南100米','',NULL,1,1,'2016-09-21 02:40:59','2016-09-21 02:40:59'),(286,13,'天天便利蔬果店','13665168609','wttekvb2ef90',2,'31.540474','120.443621','无锡市滨湖区新友南路与新友路交叉口南50米  13665168609','',NULL,1,1,'2016-09-21 02:41:15','2016-09-21 02:41:15'),(287,13,'梅荆平价蔬果超市','梅荆平价蔬果超市  无锡市滨湖区梅里路北50米','wttekuyyuh2m',2,'31.536064','120.452557','无锡市滨湖区新韵南路','',NULL,1,1,'2016-09-21 02:41:27','2016-09-21 03:27:44'),(288,13,'小张水果蔬菜店','小张水果蔬菜店  无锡市锡山区运河北路28号附近','wttsr7svh9ec',2,'31.704663','120.5597','无锡市锡山区运河北路28号附近','',NULL,1,1,'2016-09-21 02:41:44','2016-09-21 02:41:44'),(289,13,' 爱尚果蔬(水岸店) ','\n爱尚果蔬(水岸店)  无锡市锡山区盛丰街71-73号附近','wttev8xnypb4',2,'31.600627','120.485945','无锡市锡山区盛丰街71-73号附近','',NULL,1,1,'2016-09-21 02:41:57','2016-09-21 02:41:57'),(290,13,'优客蔬果超市','15906184743','wttevgc8cuuu',2,'31.617434','120.489202','无锡市锡山区安镇安国路鑫安苑润福里128号','',NULL,1,1,'2016-09-21 02:42:16','2016-09-21 02:42:16'),(291,13,'唐海超市','15852778980','wttevy00ssy0',2,'31.615587','120.491008','无锡市锡山区新安苑新安路336号','',NULL,1,1,'2016-09-21 02:42:48','2016-09-21 02:42:48'),(292,13,'趣买菜(安镇店)','趣买菜(安镇店)  无锡市锡山区安镇街道安镇鑫安路170号','',2,'31.623796','120.487498','无锡市锡山区安镇街道安镇鑫安路170号','',NULL,1,1,'2016-09-21 02:43:06','2016-09-21 02:43:06'),(293,13,'小张水果蔬菜(港下店)','小张水果蔬菜(港下店)  无锡市锡山区利港路28号附近','',2,'31.699517','120.555814','无锡市锡山区利港路28号附近','',NULL,1,1,'2016-09-21 02:43:22','2016-09-21 02:43:22'),(294,13,'农夫蔬果','农夫蔬果  无锡市新吴区经发七路与通祥路交叉口北200米','',2,'31.493924','120.458135','无锡市新吴区经发七路与通祥路交叉口北200米','',NULL,1,1,'2016-09-21 02:43:35','2016-09-21 02:43:35'),(295,13,'蔬果大卖场','蔬果大卖场  无锡市新吴区经发七路与通祥路交叉口北150米','wttejj4zjvpt',2,'31.493539','120.458135','无锡市新吴区经发七路与通祥路交叉口北150米','',NULL,1,1,'2016-09-21 02:43:49','2016-09-21 02:43:49'),(296,13,'桃园果蔬','15961883500','wtte9e5ub33y',2,'31.570037','120.305456','无锡市新吴区南星苑三路180号','',NULL,1,1,'2016-09-21 02:44:07','2016-09-21 02:44:07'),(297,13,'鸿声菜场 ','鸿声菜场  无锡市锡山区上海如海超市(鸿山店)附近','wtteg9e7dsee',2,'31.605545','120.392759','无锡市锡山区上海如海超市(鸿山店)附近','',NULL,1,1,'2016-09-21 02:44:22','2016-09-21 02:44:22'),(298,13,'民明蔬果','民明蔬果  无锡市新吴区鸿运路98号附近','wttejvu2gy63',2,'31.496592','120.493061',' 无锡市新吴区鸿运路98号附近','',NULL,1,1,'2016-09-21 02:44:37','2016-09-21 02:44:37'),(299,13,' 蔬果超市','\n蔬果超市  无锡市锡山区南窑街和紫衫路的交叉口附近','wttsqzjk4zm2',2,'31.723748','120.538341','无锡市锡山区南窑街和紫衫路的交叉口附近','',NULL,1,1,'2016-09-21 02:44:53','2016-09-21 02:44:53'),(300,13,'欣鸿超市','15852778761 13812060638','wttejymxv8r9',2,'31.500508','120.49486','无锡市锡山区欣鸿路292号','',NULL,1,1,'2016-09-21 02:45:23','2016-09-21 02:45:23'),(301,13,'胖子菜店','胖子菜店  无锡市新吴区鸿运街89号附近','wttejy3mv50u',2,'31.50018','120.488993','无锡市新吴区鸿运街89号附近','',NULL,1,1,'2016-09-21 02:45:37','2016-09-21 02:45:37'),(302,13,'安惠蔬菜','安惠蔬菜  无锡市新吴区鸿声鸿泰苑二区旁边','wtteqk1u17tj',2,'31.531468','120.511497','无锡市新吴区鸿声鸿泰苑二区旁边','',NULL,1,1,'2016-09-21 02:45:51','2016-09-21 02:45:51'),(303,13,'邻里蔬菜','邻里蔬菜  无锡市新吴区新区鸿声镇鸿山北路693号','wtteqhkyxzrp',2,'31.533291','120.504912','无锡市新吴区新区鸿声镇鸿山北路693号','',NULL,1,1,'2016-09-21 02:46:04','2016-09-21 02:46:04'),(304,13,'桃园果蔬南星苑','15961883500','wtte9e5ub33y',2,'31.570037','120.305456','无锡市新吴区南星苑三路180号','',NULL,1,1,'2016-09-21 02:46:36','2016-09-21 02:46:36'),(305,13,'西漳蔬菜百货便利店','西漳蔬菜百货便利店  无锡市惠山区西街东50米','wttkpdf5g2hn',2,'31.656376','120.215294','无锡市惠山区西街东50米','',NULL,1,1,'2016-09-21 02:47:30','2016-09-21 02:47:30'),(306,13,'小殷蔬菜鲜肉店','13771030611','wtts5dw7rg5w',2,'31.654933','120.397104','无锡市锡山区锡北镇通富街71号','',NULL,1,1,'2016-09-21 02:47:48','2016-09-21 02:47:48'),(307,13,'水果蔬菜','水果蔬菜  无锡市新吴区长江北路17-25号(新地假日广场对面)','wttedb72xkbn',2,'31.55422','120.359999','无锡市新吴区长江北路17-25号(新地假日广场对面)','',NULL,1,1,'2016-09-21 02:48:00','2016-09-21 02:48:00'),(308,13,'平价蔬菜便利店芦庄路','平价蔬菜便利店  无锡市滨湖区芦庄路227号附近','wtte3sp3nztf',2,'31.530974','120.310547','无锡市滨湖区芦庄路227号附近','',NULL,1,1,'2016-09-21 02:48:23','2016-09-21 02:48:23'),(309,13,'新鲜蔬菜水果','新鲜蔬菜水果  无锡市新吴区中心街41号附近','wttevekkcg18',2,'31.615364','120.481988','无锡市新吴区中心街41号附近','',NULL,1,1,'2016-09-21 02:48:36','2016-09-21 02:48:36'),(310,13,'蔬菜水果粮油超市','蔬菜水果粮油超市  无锡市梁溪区靖海地铁站出入口东南200米','wtte9e5ub33y',2,'31.570037','120.305456','无锡市梁溪区靖海地铁站出入口东南200米','',NULL,1,1,'2016-09-21 02:48:54','2016-09-21 02:48:54'),(311,13,'水果蔬菜超市','水果蔬菜超市  无锡市锡山区富民路与花苑北路交叉口东150米','wtteye5v5v4h',2,'31.614045','120.525333','无锡市锡山区富民路与花苑北路交叉口东150米','',NULL,1,1,'2016-09-21 02:49:13','2016-09-21 02:49:13'),(312,13,'好又多购物广场','','wttec4ehb6bz',2,'31.611244','120.282452','无锡北塘区五河支路青石西路交叉口','',NULL,1,1,'2016-09-21 03:05:19','2016-09-21 03:05:19'),(313,13,'便民蔬果','辛 13956882812','wttkrjgrnj9v',3,'31.717388','120.195153','无锡市惠山区玉祁镇溪秀苑17号','',NULL,1,1,'2016-09-22 21:20:30','2016-10-05 07:43:48'),(314,13,'放心肉专卖店前进路店','','wtt7svvxs53b',3,'31.585625','120.09928','无锡市新吴区前进路22-2号','',NULL,1,1,'2016-10-06 02:05:11','2016-10-06 02:05:11'),(315,13,'老林蔬果店','林永法 18352595945','wttecwegctrm',3,'31.633058','120.305517','无锡市惠山区林新路19号','',NULL,1,1,'2016-10-06 02:07:17','2016-10-06 02:07:17');
/*!40000 ALTER TABLE `houses` ENABLE KEYS */;
UNLOCK TABLES;

--
-- Table structure for table `migrations`
--

DROP TABLE IF EXISTS `migrations`;
/*!40101 SET @saved_cs_client     = @@character_set_client */;
/*!40101 SET character_set_client = utf8 */;
CREATE TABLE `migrations` (
  `migration` varchar(255) COLLATE utf8_unicode_ci NOT NULL,
  `batch` int(11) NOT NULL
) ENGINE=MyISAM DEFAULT CHARSET=utf8 COLLATE=utf8_unicode_ci;
/*!40101 SET character_set_client = @saved_cs_client */;

--
-- Dumping data for table `migrations`
--

LOCK TABLES `migrations` WRITE;
/*!40000 ALTER TABLE `migrations` DISABLE KEYS */;
INSERT INTO `migrations` VALUES ('2014_10_12_000000_create_users_table',1),('2014_10_12_100000_create_password_resets_table',1),('2016_03_21_075602_create_citys_table',1),('2016_03_21_083139_create_houses_table',1),('2016_03_21_083909_create_house_images',1),('2016_04_12_062142_create_admins_table',1),('2016_05_11_011525_create_status_table',1),('2016_05_11_011525_create_tags_table',1),('2016_05_11_011558_create_house_tag_table',1),('2016_05_11_011624_create_comments_table',1);
/*!40000 ALTER TABLE `migrations` ENABLE KEYS */;
UNLOCK TABLES;

--
-- Table structure for table `password_resets`
--

DROP TABLE IF EXISTS `password_resets`;
/*!40101 SET @saved_cs_client     = @@character_set_client */;
/*!40101 SET character_set_client = utf8 */;
CREATE TABLE `password_resets` (
  `email` varchar(255) COLLATE utf8_unicode_ci NOT NULL,
  `token` varchar(255) COLLATE utf8_unicode_ci NOT NULL,
  `created_at` timestamp NOT NULL DEFAULT CURRENT_TIMESTAMP ON UPDATE CURRENT_TIMESTAMP,
  KEY `password_resets_email_index` (`email`),
  KEY `password_resets_token_index` (`token`)
) ENGINE=MyISAM DEFAULT CHARSET=utf8 COLLATE=utf8_unicode_ci;
/*!40101 SET character_set_client = @saved_cs_client */;

--
-- Dumping data for table `password_resets`
--

LOCK TABLES `password_resets` WRITE;
/*!40000 ALTER TABLE `password_resets` DISABLE KEYS */;
/*!40000 ALTER TABLE `password_resets` ENABLE KEYS */;
UNLOCK TABLES;

--
-- Table structure for table `status`
--

DROP TABLE IF EXISTS `status`;
/*!40101 SET @saved_cs_client     = @@character_set_client */;
/*!40101 SET character_set_client = utf8 */;
CREATE TABLE `status` (
  `id` int(10) unsigned NOT NULL AUTO_INCREMENT,
  `name` varchar(255) COLLATE utf8_unicode_ci NOT NULL,
  `image` varchar(255) COLLATE utf8_unicode_ci NOT NULL,
  `created_at` timestamp NULL DEFAULT NULL,
  `updated_at` timestamp NULL DEFAULT NULL,
  PRIMARY KEY (`id`)
) ENGINE=MyISAM AUTO_INCREMENT=9 DEFAULT CHARSET=utf8 COLLATE=utf8_unicode_ci;
/*!40101 SET character_set_client = @saved_cs_client */;

--
-- Dumping data for table `status`
--

LOCK TABLES `status` WRITE;
/*!40000 ALTER TABLE `status` DISABLE KEYS */;
INSERT INTO `status` VALUES (1,'洽谈','/uploads/2016092012585957e1329312baf.png','2016-09-10 17:47:38','2016-09-20 04:59:00'),(2,'收集','/uploads/2016092013085357e134e5274da.png','2016-09-10 17:47:38','2016-09-20 05:08:54'),(3,'专柜','/uploads/2016091613143757dbf03d037fc.png','2016-09-10 17:47:38','2016-09-16 05:14:38'),(4,'自有','/uploads/2016092013061057e1344275804.png','2016-09-10 17:47:38','2016-09-20 05:06:11'),(5,'拒绝','/uploads/2016092013043357e133e17f0d5.png','2016-09-10 17:47:38','2016-09-20 05:04:34'),(6,'关闭','/uploads/2016092013035857e133be114ac.png','2016-09-16 04:56:13','2016-09-20 05:03:58'),(7,'进行','/uploads/2016092013034757e133b3a86bc.png','2016-09-17 04:05:51','2016-09-20 05:03:49'),(8,'无效','/uploads/2016092013030157e133855f2a9.png','2016-09-20 04:25:45','2016-09-20 05:03:02');
/*!40000 ALTER TABLE `status` ENABLE KEYS */;
UNLOCK TABLES;

--
-- Table structure for table `tags`
--

DROP TABLE IF EXISTS `tags`;
/*!40101 SET @saved_cs_client     = @@character_set_client */;
/*!40101 SET character_set_client = utf8 */;
CREATE TABLE `tags` (
  `id` int(10) unsigned NOT NULL AUTO_INCREMENT,
  `name` varchar(255) COLLATE utf8_unicode_ci NOT NULL,
  `created_at` timestamp NULL DEFAULT NULL,
  `updated_at` timestamp NULL DEFAULT NULL,
  PRIMARY KEY (`id`)
) ENGINE=MyISAM AUTO_INCREMENT=21 DEFAULT CHARSET=utf8 COLLATE=utf8_unicode_ci;
/*!40101 SET character_set_client = @saved_cs_client */;

--
-- Dumping data for table `tags`
--

LOCK TABLES `tags` WRITE;
/*!40000 ALTER TABLE `tags` DISABLE KEYS */;
INSERT INTO `tags` VALUES (1,'et','2016-09-10 17:47:38','2016-09-10 17:47:38'),(2,'ipsum','2016-09-10 17:47:38','2016-09-10 17:47:38'),(3,'sint','2016-09-10 17:47:38','2016-09-10 17:47:38'),(4,'atque','2016-09-10 17:47:38','2016-09-10 17:47:38'),(5,'reiciendis','2016-09-10 17:47:38','2016-09-10 17:47:38'),(6,'dignissimos','2016-09-10 17:47:38','2016-09-10 17:47:38'),(7,'sunt','2016-09-10 17:47:38','2016-09-10 17:47:38'),(8,'aut','2016-09-10 17:47:38','2016-09-10 17:47:38'),(9,'non','2016-09-10 17:47:38','2016-09-10 17:47:38'),(10,'ipsum','2016-09-10 17:47:38','2016-09-10 17:47:38'),(11,'error','2016-09-10 17:47:38','2016-09-10 17:47:38'),(12,'perferendis','2016-09-10 17:47:38','2016-09-10 17:47:38'),(13,'voluptatem','2016-09-10 17:47:38','2016-09-10 17:47:38'),(14,'veritatis','2016-09-10 17:47:38','2016-09-10 17:47:38'),(15,'qui','2016-09-10 17:47:38','2016-09-10 17:47:38'),(16,'dolorum','2016-09-10 17:47:38','2016-09-10 17:47:38'),(17,'voluptatem','2016-09-10 17:47:38','2016-09-10 17:47:38'),(18,'rem','2016-09-10 17:47:38','2016-09-10 17:47:38'),(19,'placeat','2016-09-10 17:47:38','2016-09-10 17:47:38'),(20,'eos','2016-09-10 17:47:38','2016-09-10 17:47:38');
/*!40000 ALTER TABLE `tags` ENABLE KEYS */;
UNLOCK TABLES;

--
-- Table structure for table `users`
--

DROP TABLE IF EXISTS `users`;
/*!40101 SET @saved_cs_client     = @@character_set_client */;
/*!40101 SET character_set_client = utf8 */;
CREATE TABLE `users` (
  `id` int(10) unsigned NOT NULL AUTO_INCREMENT,
  `name` varchar(255) COLLATE utf8_unicode_ci NOT NULL,
  `email` varchar(255) COLLATE utf8_unicode_ci NOT NULL,
  `password` varchar(255) COLLATE utf8_unicode_ci NOT NULL,
  `image` varchar(255) COLLATE utf8_unicode_ci NOT NULL,
  `remember_token` varchar(100) COLLATE utf8_unicode_ci DEFAULT NULL,
  `created_at` timestamp NULL DEFAULT NULL,
  `updated_at` timestamp NULL DEFAULT NULL,
  PRIMARY KEY (`id`),
  UNIQUE KEY `users_email_unique` (`email`)
) ENGINE=MyISAM AUTO_INCREMENT=12 DEFAULT CHARSET=utf8 COLLATE=utf8_unicode_ci;
/*!40101 SET character_set_client = @saved_cs_client */;

--
-- Dumping data for table `users`
--

LOCK TABLES `users` WRITE;
/*!40000 ALTER TABLE `users` DISABLE KEYS */;
INSERT INTO `users` VALUES (1,'zanjser','zanjser@163.com','$2y$10$7A5IHGV1ccL8fDH5QDzMouwGM3oZccC/bbnFWl.dSC3Axuko1V1ja','http://lorempixel.com/100/100/?44801',NULL,'2016-09-10 17:47:36','2016-09-10 17:47:36'),(2,'stark.sterling','user1@zanjs.com','$2y$10$WWC5oDK6SMfQO9oJ4Z34xe95bRUEpaGwjYygA9hcOBu8.QZv4yxMi','http://lorempixel.com/100/100/?39209',NULL,'2016-09-10 17:47:36','2016-09-10 17:47:36'),(3,'aurelia12','user2@zanjs.com','$2y$10$naZC6fQpNMXCBElspDG...M8IO3iPoE2qDU7..9qApW7b5f0LYMvm','http://lorempixel.com/100/100/?34889',NULL,'2016-09-10 17:47:36','2016-09-10 17:47:36'),(4,'delmer.mckenzie','user3@zanjs.com','$2y$10$5Pvmxveek68YgkMv.n1qnOxYeEy/vIRSlaRiUjPYRpxpCKrWDUmly','http://lorempixel.com/100/100/?48435',NULL,'2016-09-10 17:47:36','2016-09-10 17:47:36'),(5,'ischroeder','user4@zanjs.com','$2y$10$D0pDcZmf4nt5Mvcafc0fC.ovJlGl.NExFFIL5kM0bAFVRj8/ygElG','http://lorempixel.com/100/100/?53648',NULL,'2016-09-10 17:47:36','2016-09-10 17:47:36'),(6,'ostoltenberg','user5@zanjs.com','$2y$10$NakKT8qciqosCfh3levOzuVz.9mIqEDMU01pHpu/SB440y1FE0oE2','http://lorempixel.com/100/100/?10849',NULL,'2016-09-10 17:47:36','2016-09-10 17:47:36'),(7,'imelda74','user6@zanjs.com','$2y$10$h78b1iHqHaVk.ephq0ISPOnfh8mOxek3ESbk8HYINbPa1H7Muwg9C','http://lorempixel.com/100/100/?79450',NULL,'2016-09-10 17:47:37','2016-09-10 17:47:37'),(8,'cwolf','user7@zanjs.com','$2y$10$nrAJe90Ry0jlujcjkdL22ulwmSDoVkDP6K2dYQ019ToQJL0nmMH2W','http://lorempixel.com/100/100/?85834',NULL,'2016-09-10 17:47:37','2016-09-10 17:47:37'),(9,'fmertz','user8@zanjs.com','$2y$10$4HnqLgtJSQ5ltcZlkGp0OekYtvGv5ByP81rQV7y9M5e4dkroWEKF.','http://lorempixel.com/100/100/?38204',NULL,'2016-09-10 17:47:37','2016-09-10 17:47:37'),(10,'diana03','user9@zanjs.com','$2y$10$uc6kzPtwfqr4b2vVr.gNZOkjOVquphkQkEhdPsr2L.E8rvnrR0Co6','http://lorempixel.com/100/100/?56736',NULL,'2016-09-10 17:47:37','2016-09-10 17:47:37'),(11,'cschaefer','user10@zanjs.com','$2y$10$BqT3yaceQZc3HPmcUy9ee.Yc3fIt3iaARD3r20ZaqSJCtuGE1kRt.','http://lorempixel.com/100/100/?42311',NULL,'2016-09-10 17:47:37','2016-09-10 17:47:37');
/*!40000 ALTER TABLE `users` ENABLE KEYS */;
UNLOCK TABLES;
/*!40103 SET TIME_ZONE=@OLD_TIME_ZONE */;

/*!40101 SET SQL_MODE=@OLD_SQL_MODE */;
/*!40014 SET FOREIGN_KEY_CHECKS=@OLD_FOREIGN_KEY_CHECKS */;
/*!40014 SET UNIQUE_CHECKS=@OLD_UNIQUE_CHECKS */;
/*!40101 SET CHARACTER_SET_CLIENT=@OLD_CHARACTER_SET_CLIENT */;
/*!40101 SET CHARACTER_SET_RESULTS=@OLD_CHARACTER_SET_RESULTS */;
/*!40101 SET COLLATION_CONNECTION=@OLD_COLLATION_CONNECTION */;
/*!40111 SET SQL_NOTES=@OLD_SQL_NOTES */;

-- Dump completed on 2016-10-09  0:00:03
